[0.000000] (-) TimerEvent: {}
[0.001186] (torto_description) JobQueued: {'identifier': 'torto_description', 'dependencies': OrderedDict()}
[0.001824] (torto_hardware) JobQueued: {'identifier': 'torto_hardware', 'dependencies': OrderedDict()}
[0.001969] (torto_input_handle) JobQueued: {'identifier': 'torto_input_handle', 'dependencies': OrderedDict()}
[0.002027] (torto_interfaces) JobQueued: {'identifier': 'torto_interfaces', 'dependencies': OrderedDict()}
[0.002069] (torto_odometry) JobQueued: {'identifier': 'torto_odometry', 'dependencies': OrderedDict()}
[0.002116] (torto_rl_pkg) JobQueued: {'identifier': 'torto_rl_pkg', 'dependencies': OrderedDict()}
[0.002156] (torto_sim_ctrl) JobQueued: {'identifier': 'torto_sim_ctrl', 'dependencies': OrderedDict()}
[0.002203] (torto_ctrl) JobQueued: {'identifier': 'torto_ctrl', 'dependencies': OrderedDict([('torto_interfaces', '/home/sirapob/TORTO_NvidiaSim/install/torto_interfaces')])}
[0.002256] (torto_bringup) JobQueued: {'identifier': 'torto_bringup', 'dependencies': OrderedDict([('torto_hardware', '/home/sirapob/TORTO_NvidiaSim/install/torto_hardware'), ('torto_input_handle', '/home/sirapob/TORTO_NvidiaSim/install/torto_input_handle'), ('torto_interfaces', '/home/sirapob/TORTO_NvidiaSim/install/torto_interfaces'), ('torto_odometry', '/home/sirapob/TORTO_NvidiaSim/install/torto_odometry'), ('torto_sim_ctrl', '/home/sirapob/TORTO_NvidiaSim/install/torto_sim_ctrl'), ('torto_ctrl', '/home/sirapob/TORTO_NvidiaSim/install/torto_ctrl')])}
[0.002335] (torto_interfaces) JobStarted: {'identifier': 'torto_interfaces'}
[0.019086] (torto_hardware) JobStarted: {'identifier': 'torto_hardware'}
[0.031982] (torto_input_handle) JobStarted: {'identifier': 'torto_input_handle'}
[0.044269] (torto_odometry) JobStarted: {'identifier': 'torto_odometry'}
[0.056697] (torto_sim_ctrl) JobStarted: {'identifier': 'torto_sim_ctrl'}
[0.068808] (torto_description) JobStarted: {'identifier': 'torto_description'}
[0.078300] (torto_rl_pkg) JobStarted: {'identifier': 'torto_rl_pkg'}
[0.097683] (torto_interfaces) JobProgress: {'identifier': 'torto_interfaces', 'progress': 'cmake'}
[0.099060] (torto_interfaces) Command: {'cmd': ['/usr/bin/cmake', '/home/sirapob/TORTO_NvidiaSim/src/torto_interfaces', '-DAMENT_CMAKE_SYMLINK_INSTALL=1', '-DCMAKE_INSTALL_PREFIX=/home/sirapob/TORTO_NvidiaSim/install/torto_interfaces'], 'cwd': '/home/sirapob/TORTO_NvidiaSim/build/torto_interfaces', 'env': OrderedDict([('GJS_DEBUG_TOPICS', 'JS ERROR;JS LOG'), ('LESSOPEN', '| /usr/bin/lesspipe %s'), ('USER', 'sirapob'), ('LC_TIME', 'th_TH.UTF-8'), ('XDG_SESSION_TYPE', 'x11'), ('GIT_ASKPASS', '/usr/share/code/resources/app/extensions/git/dist/askpass.sh'), ('SHLVL', '1'), ('LD_LIBRARY_PATH', '/home/sirapob/TORTO_NvidiaSim/install/torto_interfaces/lib:/opt/ros/humble/opt/rviz_ogre_vendor/lib:/opt/ros/humble/lib/x86_64-linux-gnu:/opt/ros/humble/lib'), ('HOME', '/home/sirapob'), ('CHROME_DESKTOP', 'code.desktop'), ('TERM_PROGRAM_VERSION', '1.97.2'), ('DESKTOP_SESSION', 'ubuntu'), ('GIO_LAUNCHED_DESKTOP_FILE', '/usr/share/applications/code.desktop'), ('ROS_PYTHON_VERSION', '3'), ('GNOME_SHELL_SESSION_MODE', 'ubuntu'), ('GTK_MODULES', 'gail:atk-bridge'), ('VSCODE_GIT_ASKPASS_MAIN', '/usr/share/code/resources/app/extensions/git/dist/askpass-main.js'), ('LC_MONETARY', 'th_TH.UTF-8'), ('VSCODE_GIT_ASKPASS_NODE', '/usr/share/code/code'), ('MANAGERPID', '1796'), ('PYDEVD_DISABLE_FILE_VALIDATION', '1'), ('SYSTEMD_EXEC_PID', '2140'), ('BUNDLED_DEBUGPY_PATH', '/home/sirapob/.vscode/extensions/ms-python.debugpy-2025.8.0-linux-x64/bundled/libs/debugpy'), ('DBUS_SESSION_BUS_ADDRESS', 'unix:path=/run/user/1000/bus'), ('COLORTERM', 'truecolor'), ('GIO_LAUNCHED_DESKTOP_FILE_PID', '4854'), ('COLCON_PREFIX_PATH', '/home/sirapob/TORTO_NvidiaSim/install:/home/sirapob/isaacsim/isaac_ros_ws/install'), ('ROS_DISTRO', 'humble'), ('GTK_IM_MODULE', 'ibus'), ('LOGNAME', 'sirapob'), ('JOURNAL_STREAM', '8:12909'), ('_', '/usr/bin/colcon'), ('ROS_VERSION', '2'), ('XDG_SESSION_CLASS', 'user'), ('USERNAME', 'sirapob'), ('TERM', 'xterm-256color'), ('GNOME_DESKTOP_SESSION_ID', 'this-is-deprecated'), ('ROS_LOCALHOST_ONLY', '0'), ('WINDOWPATH', '2'), ('PATH', '/home/sirapob/.local/bin:/opt/ros/humble/bin:/home/sirapob/.local/bin:/usr/local/sbin:/usr/local/bin:/usr/sbin:/usr/bin:/sbin:/bin:/usr/games:/usr/local/games:/snap/bin:/snap/bin:/home/sirapob/.vscode/extensions/ms-python.debugpy-2025.8.0-linux-x64/bundled/scripts/noConfigScripts'), ('SESSION_MANAGER', 'local/sirapob-ROG-Strix-G732LXS-G742LXS:@/tmp/.ICE-unix/2113,unix/sirapob-ROG-Strix-G732LXS-G742LXS:/tmp/.ICE-unix/2113'), ('INVOCATION_ID', '9188ecfe137840c68e3ba7c42310f545'), ('XDG_MENU_PREFIX', 'gnome-'), ('LC_ADDRESS', 'th_TH.UTF-8'), ('XDG_RUNTIME_DIR', '/run/user/1000'), ('GDK_BACKEND', 'x11'), ('DISPLAY', ':1'), ('VSCODE_DEBUGPY_ADAPTER_ENDPOINTS', '/home/sirapob/.vscode/extensions/ms-python.debugpy-2025.8.0-linux-x64/.noConfigDebugAdapterEndpoints/endpoint-08ece0a135d34187.txt'), ('LANG', 'en_US.UTF-8'), ('XDG_CURRENT_DESKTOP', 'Unity'), ('LC_TELEPHONE', 'th_TH.UTF-8'), ('XMODIFIERS', '@im=ibus'), ('XDG_SESSION_DESKTOP', 'ubuntu'), ('XAUTHORITY', '/run/user/1000/gdm/Xauthority'), ('LS_COLORS', 'rs=0:di=01;34:ln=01;36:mh=00:pi=40;33:so=01;35:do=01;35:bd=40;33;01:cd=40;33;01:or=40;31;01:mi=00:su=37;41:sg=30;43:ca=30;41:tw=30;42:ow=34;42:st=37;44:ex=01;32:*.tar=01;31:*.tgz=01;31:*.arc=01;31:*.arj=01;31:*.taz=01;31:*.lha=01;31:*.lz4=01;31:*.lzh=01;31:*.lzma=01;31:*.tlz=01;31:*.txz=01;31:*.tzo=01;31:*.t7z=01;31:*.zip=01;31:*.z=01;31:*.dz=01;31:*.gz=01;31:*.lrz=01;31:*.lz=01;31:*.lzo=01;31:*.xz=01;31:*.zst=01;31:*.tzst=01;31:*.bz2=01;31:*.bz=01;31:*.tbz=01;31:*.tbz2=01;31:*.tz=01;31:*.deb=01;31:*.rpm=01;31:*.jar=01;31:*.war=01;31:*.ear=01;31:*.sar=01;31:*.rar=01;31:*.alz=01;31:*.ace=01;31:*.zoo=01;31:*.cpio=01;31:*.7z=01;31:*.rz=01;31:*.cab=01;31:*.wim=01;31:*.swm=01;31:*.dwm=01;31:*.esd=01;31:*.jpg=01;35:*.jpeg=01;35:*.mjpg=01;35:*.mjpeg=01;35:*.gif=01;35:*.bmp=01;35:*.pbm=01;35:*.pgm=01;35:*.ppm=01;35:*.tga=01;35:*.xbm=01;35:*.xpm=01;35:*.tif=01;35:*.tiff=01;35:*.png=01;35:*.svg=01;35:*.svgz=01;35:*.mng=01;35:*.pcx=01;35:*.mov=01;35:*.mpg=01;35:*.mpeg=01;35:*.m2v=01;35:*.mkv=01;35:*.webm=01;35:*.webp=01;35:*.ogm=01;35:*.mp4=01;35:*.m4v=01;35:*.mp4v=01;35:*.vob=01;35:*.qt=01;35:*.nuv=01;35:*.wmv=01;35:*.asf=01;35:*.rm=01;35:*.rmvb=01;35:*.flc=01;35:*.avi=01;35:*.fli=01;35:*.flv=01;35:*.gl=01;35:*.dl=01;35:*.xcf=01;35:*.xwd=01;35:*.yuv=01;35:*.cgm=01;35:*.emf=01;35:*.ogv=01;35:*.ogx=01;35:*.aac=00;36:*.au=00;36:*.flac=00;36:*.m4a=00;36:*.mid=00;36:*.midi=00;36:*.mka=00;36:*.mp3=00;36:*.mpc=00;36:*.ogg=00;36:*.ra=00;36:*.wav=00;36:*.oga=00;36:*.opus=00;36:*.spx=00;36:*.xspf=00;36:'), ('VSCODE_GIT_IPC_HANDLE', '/run/user/1000/vscode-git-aa4929aee5.sock'), ('TERM_PROGRAM', 'vscode'), ('SSH_AGENT_LAUNCHER', 'gnome-keyring'), ('SSH_AUTH_SOCK', '/run/user/1000/keyring/ssh'), ('AMENT_PREFIX_PATH', '/home/sirapob/TORTO_NvidiaSim/install/torto_bringup:/home/sirapob/TORTO_NvidiaSim/install/torto_sim_ctrl:/home/sirapob/TORTO_NvidiaSim/install/torto_rl_pkg:/home/sirapob/TORTO_NvidiaSim/install/torto_odometry:/home/sirapob/TORTO_NvidiaSim/install/torto_ctrl:/home/sirapob/TORTO_NvidiaSim/install/torto_interfaces:/home/sirapob/TORTO_NvidiaSim/install/torto_input_handle:/home/sirapob/TORTO_NvidiaSim/install/torto_hardware:/home/sirapob/TORTO_NvidiaSim/install/torto_description:/home/sirapob/isaacsim/isaac_ros_ws/install/reset_listener_pkg:/opt/ros/humble'), ('ORIGINAL_XDG_CURRENT_DESKTOP', 'ubuntu:GNOME'), ('SHELL', '/bin/bash'), ('LC_NAME', 'th_TH.UTF-8'), ('QT_ACCESSIBILITY', '1'), ('GDMSESSION', 'ubuntu'), ('LESSCLOSE', '/usr/bin/lesspipe %s %s'), ('LC_MEASUREMENT', 'th_TH.UTF-8'), ('GPG_AGENT_INFO', '/run/user/1000/gnupg/S.gpg-agent:0:1'), ('GJS_DEBUG_OUTPUT', 'stderr'), ('LC_IDENTIFICATION', 'th_TH.UTF-8'), ('VSCODE_GIT_ASKPASS_EXTRA_ARGS', ''), ('QT_IM_MODULE', 'ibus'), ('PWD', '/home/sirapob/TORTO_NvidiaSim/build/torto_interfaces'), ('XDG_CONFIG_DIRS', '/etc/xdg/xdg-ubuntu:/etc/xdg'), ('XDG_DATA_DIRS', '/usr/share/ubuntu:/usr/share/gnome:/usr/local/share/:/usr/share/:/var/lib/snapd/desktop'), ('PYTHONPATH', '/home/sirapob/TORTO_NvidiaSim/build/torto_hardware:/home/sirapob/TORTO_NvidiaSim/install/torto_sim_ctrl/lib/python3.10/site-packages:/home/sirapob/TORTO_NvidiaSim/install/torto_rl_pkg/lib/python3.10/site-packages:/home/sirapob/TORTO_NvidiaSim/install/torto_odometry/lib/python3.10/site-packages:/home/sirapob/TORTO_NvidiaSim/install/torto_ctrl/lib/python3.10/site-packages:/home/sirapob/TORTO_NvidiaSim/install/torto_interfaces/local/lib/python3.10/dist-packages:/home/sirapob/TORTO_NvidiaSim/install/torto_input_handle/lib/python3.10/site-packages:/home/sirapob/TORTO_NvidiaSim/install/torto_hardware/lib/python3.10/site-packages:/home/sirapob/isaacsim/isaac_ros_ws/build/reset_listener_pkg:/home/sirapob/isaacsim/isaac_ros_ws/install/reset_listener_pkg/lib/python3.10/site-packages:/opt/ros/humble/lib/python3.10/site-packages:/opt/ros/humble/local/lib/python3.10/dist-packages'), ('LC_NUMERIC', 'th_TH.UTF-8'), ('LC_PAPER', 'th_TH.UTF-8'), ('COLCON', '1'), ('CMAKE_PREFIX_PATH', '/home/sirapob/TORTO_NvidiaSim/install/torto_bringup:/home/sirapob/TORTO_NvidiaSim/install/torto_interfaces:/home/sirapob/TORTO_NvidiaSim/install/torto_description:/home/sirapob/TORTO_NvidiaSim/install/torto_sim_ctrl:/home/sirapob/TORTO_NvidiaSim/install/torto_rl_pkg:/home/sirapob/TORTO_NvidiaSim/install/torto_odometry:/home/sirapob/TORTO_NvidiaSim/install/torto_ctrl:/home/sirapob/TORTO_NvidiaSim/install/torto_input_handle:/home/sirapob/TORTO_NvidiaSim/install/torto_hardware:/home/sirapob/isaacsim/isaac_ros_ws/install/reset_listener_pkg:/opt/ros/humble')]), 'shell': False}
[0.103801] (-) TimerEvent: {}
[0.204814] (-) TimerEvent: {}
[0.305469] (-) TimerEvent: {}
[0.405959] (-) TimerEvent: {}
[0.506382] (-) TimerEvent: {}
[0.607523] (-) TimerEvent: {}
[0.708175] (-) TimerEvent: {}
[0.808856] (-) TimerEvent: {}
[0.909321] (-) TimerEvent: {}
[1.009919] (-) TimerEvent: {}
[1.110396] (-) TimerEvent: {}
[1.210927] (-) TimerEvent: {}
[1.311496] (-) TimerEvent: {}
[1.416161] (-) TimerEvent: {}
[1.516873] (-) TimerEvent: {}
[1.617527] (-) TimerEvent: {}
[1.718179] (-) TimerEvent: {}
[1.821739] (-) TimerEvent: {}
[1.922341] (-) TimerEvent: {}
[2.023001] (-) TimerEvent: {}
[2.123695] (-) TimerEvent: {}
[2.224304] (-) TimerEvent: {}
[2.325163] (-) TimerEvent: {}
[2.425729] (-) TimerEvent: {}
[2.526207] (-) TimerEvent: {}
[2.627570] (-) TimerEvent: {}
[2.728143] (-) TimerEvent: {}
[2.829680] (-) TimerEvent: {}
[2.932692] (-) TimerEvent: {}
[3.033617] (-) TimerEvent: {}
[3.134762] (-) TimerEvent: {}
[3.235262] (-) TimerEvent: {}
[3.335883] (-) TimerEvent: {}
[3.436560] (-) TimerEvent: {}
[3.537177] (-) TimerEvent: {}
[3.637840] (-) TimerEvent: {}
[3.738551] (-) TimerEvent: {}
[3.845804] (-) TimerEvent: {}
[3.907868] (torto_description) JobProgress: {'identifier': 'torto_description', 'progress': 'cmake'}
[3.908777] (torto_description) Command: {'cmd': ['/usr/bin/cmake', '/home/sirapob/TORTO_NvidiaSim/src/torto_description', '-DAMENT_CMAKE_SYMLINK_INSTALL=1', '-DCMAKE_INSTALL_PREFIX=/home/sirapob/TORTO_NvidiaSim/install/torto_description'], 'cwd': '/home/sirapob/TORTO_NvidiaSim/build/torto_description', 'env': OrderedDict([('GJS_DEBUG_TOPICS', 'JS ERROR;JS LOG'), ('LESSOPEN', '| /usr/bin/lesspipe %s'), ('USER', 'sirapob'), ('LC_TIME', 'th_TH.UTF-8'), ('XDG_SESSION_TYPE', 'x11'), ('GIT_ASKPASS', '/usr/share/code/resources/app/extensions/git/dist/askpass.sh'), ('SHLVL', '1'), ('LD_LIBRARY_PATH', '/home/sirapob/TORTO_NvidiaSim/install/torto_interfaces/lib:/opt/ros/humble/opt/rviz_ogre_vendor/lib:/opt/ros/humble/lib/x86_64-linux-gnu:/opt/ros/humble/lib'), ('HOME', '/home/sirapob'), ('CHROME_DESKTOP', 'code.desktop'), ('TERM_PROGRAM_VERSION', '1.97.2'), ('DESKTOP_SESSION', 'ubuntu'), ('GIO_LAUNCHED_DESKTOP_FILE', '/usr/share/applications/code.desktop'), ('ROS_PYTHON_VERSION', '3'), ('GNOME_SHELL_SESSION_MODE', 'ubuntu'), ('GTK_MODULES', 'gail:atk-bridge'), ('VSCODE_GIT_ASKPASS_MAIN', '/usr/share/code/resources/app/extensions/git/dist/askpass-main.js'), ('LC_MONETARY', 'th_TH.UTF-8'), ('VSCODE_GIT_ASKPASS_NODE', '/usr/share/code/code'), ('MANAGERPID', '1796'), ('PYDEVD_DISABLE_FILE_VALIDATION', '1'), ('SYSTEMD_EXEC_PID', '2140'), ('BUNDLED_DEBUGPY_PATH', '/home/sirapob/.vscode/extensions/ms-python.debugpy-2025.8.0-linux-x64/bundled/libs/debugpy'), ('DBUS_SESSION_BUS_ADDRESS', 'unix:path=/run/user/1000/bus'), ('COLORTERM', 'truecolor'), ('GIO_LAUNCHED_DESKTOP_FILE_PID', '4854'), ('COLCON_PREFIX_PATH', '/home/sirapob/TORTO_NvidiaSim/install:/home/sirapob/isaacsim/isaac_ros_ws/install'), ('ROS_DISTRO', 'humble'), ('GTK_IM_MODULE', 'ibus'), ('LOGNAME', 'sirapob'), ('JOURNAL_STREAM', '8:12909'), ('_', '/usr/bin/colcon'), ('ROS_VERSION', '2'), ('XDG_SESSION_CLASS', 'user'), ('USERNAME', 'sirapob'), ('TERM', 'xterm-256color'), ('GNOME_DESKTOP_SESSION_ID', 'this-is-deprecated'), ('ROS_LOCALHOST_ONLY', '0'), ('WINDOWPATH', '2'), ('PATH', '/home/sirapob/.local/bin:/opt/ros/humble/bin:/home/sirapob/.local/bin:/usr/local/sbin:/usr/local/bin:/usr/sbin:/usr/bin:/sbin:/bin:/usr/games:/usr/local/games:/snap/bin:/snap/bin:/home/sirapob/.vscode/extensions/ms-python.debugpy-2025.8.0-linux-x64/bundled/scripts/noConfigScripts'), ('SESSION_MANAGER', 'local/sirapob-ROG-Strix-G732LXS-G742LXS:@/tmp/.ICE-unix/2113,unix/sirapob-ROG-Strix-G732LXS-G742LXS:/tmp/.ICE-unix/2113'), ('INVOCATION_ID', '9188ecfe137840c68e3ba7c42310f545'), ('XDG_MENU_PREFIX', 'gnome-'), ('LC_ADDRESS', 'th_TH.UTF-8'), ('XDG_RUNTIME_DIR', '/run/user/1000'), ('GDK_BACKEND', 'x11'), ('DISPLAY', ':1'), ('VSCODE_DEBUGPY_ADAPTER_ENDPOINTS', '/home/sirapob/.vscode/extensions/ms-python.debugpy-2025.8.0-linux-x64/.noConfigDebugAdapterEndpoints/endpoint-08ece0a135d34187.txt'), ('LANG', 'en_US.UTF-8'), ('XDG_CURRENT_DESKTOP', 'Unity'), ('LC_TELEPHONE', 'th_TH.UTF-8'), ('XMODIFIERS', '@im=ibus'), ('XDG_SESSION_DESKTOP', 'ubuntu'), ('XAUTHORITY', '/run/user/1000/gdm/Xauthority'), ('LS_COLORS', 'rs=0:di=01;34:ln=01;36:mh=00:pi=40;33:so=01;35:do=01;35:bd=40;33;01:cd=40;33;01:or=40;31;01:mi=00:su=37;41:sg=30;43:ca=30;41:tw=30;42:ow=34;42:st=37;44:ex=01;32:*.tar=01;31:*.tgz=01;31:*.arc=01;31:*.arj=01;31:*.taz=01;31:*.lha=01;31:*.lz4=01;31:*.lzh=01;31:*.lzma=01;31:*.tlz=01;31:*.txz=01;31:*.tzo=01;31:*.t7z=01;31:*.zip=01;31:*.z=01;31:*.dz=01;31:*.gz=01;31:*.lrz=01;31:*.lz=01;31:*.lzo=01;31:*.xz=01;31:*.zst=01;31:*.tzst=01;31:*.bz2=01;31:*.bz=01;31:*.tbz=01;31:*.tbz2=01;31:*.tz=01;31:*.deb=01;31:*.rpm=01;31:*.jar=01;31:*.war=01;31:*.ear=01;31:*.sar=01;31:*.rar=01;31:*.alz=01;31:*.ace=01;31:*.zoo=01;31:*.cpio=01;31:*.7z=01;31:*.rz=01;31:*.cab=01;31:*.wim=01;31:*.swm=01;31:*.dwm=01;31:*.esd=01;31:*.jpg=01;35:*.jpeg=01;35:*.mjpg=01;35:*.mjpeg=01;35:*.gif=01;35:*.bmp=01;35:*.pbm=01;35:*.pgm=01;35:*.ppm=01;35:*.tga=01;35:*.xbm=01;35:*.xpm=01;35:*.tif=01;35:*.tiff=01;35:*.png=01;35:*.svg=01;35:*.svgz=01;35:*.mng=01;35:*.pcx=01;35:*.mov=01;35:*.mpg=01;35:*.mpeg=01;35:*.m2v=01;35:*.mkv=01;35:*.webm=01;35:*.webp=01;35:*.ogm=01;35:*.mp4=01;35:*.m4v=01;35:*.mp4v=01;35:*.vob=01;35:*.qt=01;35:*.nuv=01;35:*.wmv=01;35:*.asf=01;35:*.rm=01;35:*.rmvb=01;35:*.flc=01;35:*.avi=01;35:*.fli=01;35:*.flv=01;35:*.gl=01;35:*.dl=01;35:*.xcf=01;35:*.xwd=01;35:*.yuv=01;35:*.cgm=01;35:*.emf=01;35:*.ogv=01;35:*.ogx=01;35:*.aac=00;36:*.au=00;36:*.flac=00;36:*.m4a=00;36:*.mid=00;36:*.midi=00;36:*.mka=00;36:*.mp3=00;36:*.mpc=00;36:*.ogg=00;36:*.ra=00;36:*.wav=00;36:*.oga=00;36:*.opus=00;36:*.spx=00;36:*.xspf=00;36:'), ('VSCODE_GIT_IPC_HANDLE', '/run/user/1000/vscode-git-aa4929aee5.sock'), ('TERM_PROGRAM', 'vscode'), ('SSH_AGENT_LAUNCHER', 'gnome-keyring'), ('SSH_AUTH_SOCK', '/run/user/1000/keyring/ssh'), ('AMENT_PREFIX_PATH', '/home/sirapob/TORTO_NvidiaSim/install/torto_bringup:/home/sirapob/TORTO_NvidiaSim/install/torto_sim_ctrl:/home/sirapob/TORTO_NvidiaSim/install/torto_rl_pkg:/home/sirapob/TORTO_NvidiaSim/install/torto_odometry:/home/sirapob/TORTO_NvidiaSim/install/torto_ctrl:/home/sirapob/TORTO_NvidiaSim/install/torto_interfaces:/home/sirapob/TORTO_NvidiaSim/install/torto_input_handle:/home/sirapob/TORTO_NvidiaSim/install/torto_hardware:/home/sirapob/TORTO_NvidiaSim/install/torto_description:/home/sirapob/isaacsim/isaac_ros_ws/install/reset_listener_pkg:/opt/ros/humble'), ('ORIGINAL_XDG_CURRENT_DESKTOP', 'ubuntu:GNOME'), ('SHELL', '/bin/bash'), ('LC_NAME', 'th_TH.UTF-8'), ('QT_ACCESSIBILITY', '1'), ('GDMSESSION', 'ubuntu'), ('LESSCLOSE', '/usr/bin/lesspipe %s %s'), ('LC_MEASUREMENT', 'th_TH.UTF-8'), ('GPG_AGENT_INFO', '/run/user/1000/gnupg/S.gpg-agent:0:1'), ('GJS_DEBUG_OUTPUT', 'stderr'), ('LC_IDENTIFICATION', 'th_TH.UTF-8'), ('VSCODE_GIT_ASKPASS_EXTRA_ARGS', ''), ('QT_IM_MODULE', 'ibus'), ('PWD', '/home/sirapob/TORTO_NvidiaSim/build/torto_description'), ('XDG_CONFIG_DIRS', '/etc/xdg/xdg-ubuntu:/etc/xdg'), ('XDG_DATA_DIRS', '/usr/share/ubuntu:/usr/share/gnome:/usr/local/share/:/usr/share/:/var/lib/snapd/desktop'), ('PYTHONPATH', '/home/sirapob/TORTO_NvidiaSim/build/torto_hardware:/home/sirapob/TORTO_NvidiaSim/install/torto_sim_ctrl/lib/python3.10/site-packages:/home/sirapob/TORTO_NvidiaSim/install/torto_rl_pkg/lib/python3.10/site-packages:/home/sirapob/TORTO_NvidiaSim/install/torto_odometry/lib/python3.10/site-packages:/home/sirapob/TORTO_NvidiaSim/install/torto_ctrl/lib/python3.10/site-packages:/home/sirapob/TORTO_NvidiaSim/install/torto_interfaces/local/lib/python3.10/dist-packages:/home/sirapob/TORTO_NvidiaSim/install/torto_input_handle/lib/python3.10/site-packages:/home/sirapob/TORTO_NvidiaSim/install/torto_hardware/lib/python3.10/site-packages:/home/sirapob/isaacsim/isaac_ros_ws/build/reset_listener_pkg:/home/sirapob/isaacsim/isaac_ros_ws/install/reset_listener_pkg/lib/python3.10/site-packages:/opt/ros/humble/lib/python3.10/site-packages:/opt/ros/humble/local/lib/python3.10/dist-packages'), ('LC_NUMERIC', 'th_TH.UTF-8'), ('LC_PAPER', 'th_TH.UTF-8'), ('COLCON', '1'), ('CMAKE_PREFIX_PATH', '/home/sirapob/TORTO_NvidiaSim/install/torto_bringup:/home/sirapob/TORTO_NvidiaSim/install/torto_interfaces:/home/sirapob/TORTO_NvidiaSim/install/torto_description:/home/sirapob/TORTO_NvidiaSim/install/torto_sim_ctrl:/home/sirapob/TORTO_NvidiaSim/install/torto_rl_pkg:/home/sirapob/TORTO_NvidiaSim/install/torto_odometry:/home/sirapob/TORTO_NvidiaSim/install/torto_ctrl:/home/sirapob/TORTO_NvidiaSim/install/torto_input_handle:/home/sirapob/TORTO_NvidiaSim/install/torto_hardware:/home/sirapob/isaacsim/isaac_ros_ws/install/reset_listener_pkg:/opt/ros/humble')]), 'shell': False}
[3.945925] (-) TimerEvent: {}
[4.047072] (-) TimerEvent: {}
[4.147904] (-) TimerEvent: {}
[4.248695] (-) TimerEvent: {}
[4.349302] (-) TimerEvent: {}
[4.450087] (-) TimerEvent: {}
[4.550731] (-) TimerEvent: {}
[4.651308] (-) TimerEvent: {}
[4.751903] (-) TimerEvent: {}
[4.852429] (-) TimerEvent: {}
[4.891018] (torto_interfaces) StdoutLine: {'line': b'-- The C compiler identification is GNU 11.4.0\n'}
[4.893114] (torto_interfaces) StdoutLine: {'line': b'-- The CXX compiler identification is GNU 11.4.0\n'}
[4.893443] (torto_interfaces) StdoutLine: {'line': b'-- Detecting C compiler ABI info\n'}
[4.893717] (torto_interfaces) StdoutLine: {'line': b'-- Detecting C compiler ABI info - done\n'}
[4.895352] (torto_interfaces) StdoutLine: {'line': b'-- Check for working C compiler: /usr/bin/cc - skipped\n'}
[4.898200] (torto_interfaces) StdoutLine: {'line': b'-- Detecting C compile features\n'}
[4.898882] (torto_interfaces) StdoutLine: {'line': b'-- Detecting C compile features - done\n'}
[4.899172] (torto_interfaces) StdoutLine: {'line': b'-- Detecting CXX compiler ABI info\n'}
[4.899341] (torto_interfaces) StdoutLine: {'line': b'-- Detecting CXX compiler ABI info - done\n'}
[4.899497] (torto_interfaces) StdoutLine: {'line': b'-- Check for working CXX compiler: /usr/bin/c++ - skipped\n'}
[4.899666] (torto_interfaces) StdoutLine: {'line': b'-- Detecting CXX compile features\n'}
[4.900350] (torto_interfaces) StdoutLine: {'line': b'-- Detecting CXX compile features - done\n'}
[4.900505] (torto_interfaces) StdoutLine: {'line': b'-- Found ament_cmake: 1.3.11 (/opt/ros/humble/share/ament_cmake/cmake)\n'}
[4.900884] (torto_interfaces) StdoutLine: {'line': b'-- Found Python3: /usr/bin/python3 (found version "3.10.12") found components: Interpreter \n'}
[4.903436] (torto_interfaces) StdoutLine: {'line': b'-- Override CMake install command with custom implementation using symlinks instead of copying resources\n'}
[4.905138] (torto_interfaces) StdoutLine: {'line': b'-- Found rosidl_default_generators: 1.2.0 (/opt/ros/humble/share/rosidl_default_generators/cmake)\n'}
[4.905419] (torto_interfaces) StdoutLine: {'line': b'-- Using all available rosidl_typesupport_c: rosidl_typesupport_fastrtps_c;rosidl_typesupport_introspection_c\n'}
[4.905627] (torto_interfaces) StdoutLine: {'line': b'-- Found rosidl_adapter: 3.1.6 (/opt/ros/humble/share/rosidl_adapter/cmake)\n'}
[4.905857] (torto_interfaces) StdoutLine: {'line': b'-- Using all available rosidl_typesupport_cpp: rosidl_typesupport_fastrtps_cpp;rosidl_typesupport_introspection_cpp\n'}
[4.906057] (torto_interfaces) StdoutLine: {'line': b'-- Found ament_cmake_ros: 0.10.0 (/opt/ros/humble/share/ament_cmake_ros/cmake)\n'}
[4.906251] (torto_interfaces) StdoutLine: {'line': b'-- Using all available rosidl_typesupport_c: rosidl_typesupport_fastrtps_c;rosidl_typesupport_introspection_c\n'}
[4.906442] (torto_interfaces) StdoutLine: {'line': b'-- Using all available rosidl_typesupport_cpp: rosidl_typesupport_fastrtps_cpp;rosidl_typesupport_introspection_cpp\n'}
[4.906635] (torto_interfaces) StdoutLine: {'line': b'-- Found PythonInterp: /usr/bin/python3 (found suitable version "3.10.12", minimum required is "3.6") \n'}
[4.906853] (torto_interfaces) StdoutLine: {'line': b'-- Found python_cmake_module: 0.10.0 (/opt/ros/humble/share/python_cmake_module/cmake)\n'}
[4.907045] (torto_interfaces) StdoutLine: {'line': b'-- Found PythonLibs: /usr/lib/x86_64-linux-gnu/libpython3.10.so (found suitable version "3.10.12", minimum required is "3.5") \n'}
[4.907236] (torto_interfaces) StdoutLine: {'line': b'-- Using PYTHON_EXECUTABLE: /usr/bin/python3\n'}
[4.907423] (torto_interfaces) StdoutLine: {'line': b'-- Using PYTHON_INCLUDE_DIRS: /usr/include/python3.10\n'}
[4.907612] (torto_interfaces) StdoutLine: {'line': b'-- Using PYTHON_LIBRARIES: /usr/lib/x86_64-linux-gnu/libpython3.10.so\n'}
[4.907822] (torto_interfaces) StdoutLine: {'line': b'-- Found PythonExtra: .so  \n'}
[4.908014] (torto_interfaces) StdoutLine: {'line': b'-- Configuring done\n'}
[4.908204] (torto_interfaces) StdoutLine: {'line': b'-- Generating done\n'}
[4.908447] (torto_interfaces) StdoutLine: {'line': b'-- Build files have been written to: /home/sirapob/TORTO_NvidiaSim/build/torto_interfaces\n'}
[4.908743] (torto_description) StdoutLine: {'line': b'-- The C compiler identification is GNU 11.4.0\n'}
[4.909233] (torto_description) StdoutLine: {'line': b'-- The CXX compiler identification is GNU 11.4.0\n'}
[4.909407] (torto_description) StdoutLine: {'line': b'-- Detecting C compiler ABI info\n'}
[4.909610] (torto_description) StdoutLine: {'line': b'-- Detecting C compiler ABI info - done\n'}
[4.910726] (torto_description) StdoutLine: {'line': b'-- Check for working C compiler: /usr/bin/cc - skipped\n'}
[4.910941] (torto_description) StdoutLine: {'line': b'-- Detecting C compile features\n'}
[4.911112] (torto_description) StdoutLine: {'line': b'-- Detecting C compile features - done\n'}
[4.911617] (torto_description) StdoutLine: {'line': b'-- Detecting CXX compiler ABI info\n'}
[4.911855] (torto_description) StdoutLine: {'line': b'-- Detecting CXX compiler ABI info - done\n'}
[4.912150] (torto_description) StdoutLine: {'line': b'-- Check for working CXX compiler: /usr/bin/c++ - skipped\n'}
[4.912384] (torto_description) StdoutLine: {'line': b'-- Detecting CXX compile features\n'}
[4.912607] (torto_description) StdoutLine: {'line': b'-- Detecting CXX compile features - done\n'}
[4.913395] (torto_description) StdoutLine: {'line': b'-- Found ament_cmake: 1.3.11 (/opt/ros/humble/share/ament_cmake/cmake)\n'}
[4.933805] (torto_interfaces) CommandEnded: {'returncode': 0}
[4.936447] (torto_interfaces) JobProgress: {'identifier': 'torto_interfaces', 'progress': 'build'}
[4.936576] (torto_interfaces) Command: {'cmd': ['/usr/bin/cmake', '--build', '/home/sirapob/TORTO_NvidiaSim/build/torto_interfaces', '--', '-j16', '-l16'], 'cwd': '/home/sirapob/TORTO_NvidiaSim/build/torto_interfaces', 'env': OrderedDict([('GJS_DEBUG_TOPICS', 'JS ERROR;JS LOG'), ('LESSOPEN', '| /usr/bin/lesspipe %s'), ('USER', 'sirapob'), ('LC_TIME', 'th_TH.UTF-8'), ('XDG_SESSION_TYPE', 'x11'), ('GIT_ASKPASS', '/usr/share/code/resources/app/extensions/git/dist/askpass.sh'), ('SHLVL', '1'), ('LD_LIBRARY_PATH', '/home/sirapob/TORTO_NvidiaSim/install/torto_interfaces/lib:/opt/ros/humble/opt/rviz_ogre_vendor/lib:/opt/ros/humble/lib/x86_64-linux-gnu:/opt/ros/humble/lib'), ('HOME', '/home/sirapob'), ('CHROME_DESKTOP', 'code.desktop'), ('TERM_PROGRAM_VERSION', '1.97.2'), ('DESKTOP_SESSION', 'ubuntu'), ('GIO_LAUNCHED_DESKTOP_FILE', '/usr/share/applications/code.desktop'), ('ROS_PYTHON_VERSION', '3'), ('GNOME_SHELL_SESSION_MODE', 'ubuntu'), ('GTK_MODULES', 'gail:atk-bridge'), ('VSCODE_GIT_ASKPASS_MAIN', '/usr/share/code/resources/app/extensions/git/dist/askpass-main.js'), ('LC_MONETARY', 'th_TH.UTF-8'), ('VSCODE_GIT_ASKPASS_NODE', '/usr/share/code/code'), ('MANAGERPID', '1796'), ('PYDEVD_DISABLE_FILE_VALIDATION', '1'), ('SYSTEMD_EXEC_PID', '2140'), ('BUNDLED_DEBUGPY_PATH', '/home/sirapob/.vscode/extensions/ms-python.debugpy-2025.8.0-linux-x64/bundled/libs/debugpy'), ('DBUS_SESSION_BUS_ADDRESS', 'unix:path=/run/user/1000/bus'), ('COLORTERM', 'truecolor'), ('GIO_LAUNCHED_DESKTOP_FILE_PID', '4854'), ('COLCON_PREFIX_PATH', '/home/sirapob/TORTO_NvidiaSim/install:/home/sirapob/isaacsim/isaac_ros_ws/install'), ('ROS_DISTRO', 'humble'), ('GTK_IM_MODULE', 'ibus'), ('LOGNAME', 'sirapob'), ('JOURNAL_STREAM', '8:12909'), ('_', '/usr/bin/colcon'), ('ROS_VERSION', '2'), ('XDG_SESSION_CLASS', 'user'), ('USERNAME', 'sirapob'), ('TERM', 'xterm-256color'), ('GNOME_DESKTOP_SESSION_ID', 'this-is-deprecated'), ('ROS_LOCALHOST_ONLY', '0'), ('WINDOWPATH', '2'), ('PATH', '/home/sirapob/.local/bin:/opt/ros/humble/bin:/home/sirapob/.local/bin:/usr/local/sbin:/usr/local/bin:/usr/sbin:/usr/bin:/sbin:/bin:/usr/games:/usr/local/games:/snap/bin:/snap/bin:/home/sirapob/.vscode/extensions/ms-python.debugpy-2025.8.0-linux-x64/bundled/scripts/noConfigScripts'), ('SESSION_MANAGER', 'local/sirapob-ROG-Strix-G732LXS-G742LXS:@/tmp/.ICE-unix/2113,unix/sirapob-ROG-Strix-G732LXS-G742LXS:/tmp/.ICE-unix/2113'), ('INVOCATION_ID', '9188ecfe137840c68e3ba7c42310f545'), ('XDG_MENU_PREFIX', 'gnome-'), ('LC_ADDRESS', 'th_TH.UTF-8'), ('XDG_RUNTIME_DIR', '/run/user/1000'), ('GDK_BACKEND', 'x11'), ('DISPLAY', ':1'), ('VSCODE_DEBUGPY_ADAPTER_ENDPOINTS', '/home/sirapob/.vscode/extensions/ms-python.debugpy-2025.8.0-linux-x64/.noConfigDebugAdapterEndpoints/endpoint-08ece0a135d34187.txt'), ('LANG', 'en_US.UTF-8'), ('XDG_CURRENT_DESKTOP', 'Unity'), ('LC_TELEPHONE', 'th_TH.UTF-8'), ('XMODIFIERS', '@im=ibus'), ('XDG_SESSION_DESKTOP', 'ubuntu'), ('XAUTHORITY', '/run/user/1000/gdm/Xauthority'), ('LS_COLORS', 'rs=0:di=01;34:ln=01;36:mh=00:pi=40;33:so=01;35:do=01;35:bd=40;33;01:cd=40;33;01:or=40;31;01:mi=00:su=37;41:sg=30;43:ca=30;41:tw=30;42:ow=34;42:st=37;44:ex=01;32:*.tar=01;31:*.tgz=01;31:*.arc=01;31:*.arj=01;31:*.taz=01;31:*.lha=01;31:*.lz4=01;31:*.lzh=01;31:*.lzma=01;31:*.tlz=01;31:*.txz=01;31:*.tzo=01;31:*.t7z=01;31:*.zip=01;31:*.z=01;31:*.dz=01;31:*.gz=01;31:*.lrz=01;31:*.lz=01;31:*.lzo=01;31:*.xz=01;31:*.zst=01;31:*.tzst=01;31:*.bz2=01;31:*.bz=01;31:*.tbz=01;31:*.tbz2=01;31:*.tz=01;31:*.deb=01;31:*.rpm=01;31:*.jar=01;31:*.war=01;31:*.ear=01;31:*.sar=01;31:*.rar=01;31:*.alz=01;31:*.ace=01;31:*.zoo=01;31:*.cpio=01;31:*.7z=01;31:*.rz=01;31:*.cab=01;31:*.wim=01;31:*.swm=01;31:*.dwm=01;31:*.esd=01;31:*.jpg=01;35:*.jpeg=01;35:*.mjpg=01;35:*.mjpeg=01;35:*.gif=01;35:*.bmp=01;35:*.pbm=01;35:*.pgm=01;35:*.ppm=01;35:*.tga=01;35:*.xbm=01;35:*.xpm=01;35:*.tif=01;35:*.tiff=01;35:*.png=01;35:*.svg=01;35:*.svgz=01;35:*.mng=01;35:*.pcx=01;35:*.mov=01;35:*.mpg=01;35:*.mpeg=01;35:*.m2v=01;35:*.mkv=01;35:*.webm=01;35:*.webp=01;35:*.ogm=01;35:*.mp4=01;35:*.m4v=01;35:*.mp4v=01;35:*.vob=01;35:*.qt=01;35:*.nuv=01;35:*.wmv=01;35:*.asf=01;35:*.rm=01;35:*.rmvb=01;35:*.flc=01;35:*.avi=01;35:*.fli=01;35:*.flv=01;35:*.gl=01;35:*.dl=01;35:*.xcf=01;35:*.xwd=01;35:*.yuv=01;35:*.cgm=01;35:*.emf=01;35:*.ogv=01;35:*.ogx=01;35:*.aac=00;36:*.au=00;36:*.flac=00;36:*.m4a=00;36:*.mid=00;36:*.midi=00;36:*.mka=00;36:*.mp3=00;36:*.mpc=00;36:*.ogg=00;36:*.ra=00;36:*.wav=00;36:*.oga=00;36:*.opus=00;36:*.spx=00;36:*.xspf=00;36:'), ('VSCODE_GIT_IPC_HANDLE', '/run/user/1000/vscode-git-aa4929aee5.sock'), ('TERM_PROGRAM', 'vscode'), ('SSH_AGENT_LAUNCHER', 'gnome-keyring'), ('SSH_AUTH_SOCK', '/run/user/1000/keyring/ssh'), ('AMENT_PREFIX_PATH', '/home/sirapob/TORTO_NvidiaSim/install/torto_bringup:/home/sirapob/TORTO_NvidiaSim/install/torto_sim_ctrl:/home/sirapob/TORTO_NvidiaSim/install/torto_rl_pkg:/home/sirapob/TORTO_NvidiaSim/install/torto_odometry:/home/sirapob/TORTO_NvidiaSim/install/torto_ctrl:/home/sirapob/TORTO_NvidiaSim/install/torto_interfaces:/home/sirapob/TORTO_NvidiaSim/install/torto_input_handle:/home/sirapob/TORTO_NvidiaSim/install/torto_hardware:/home/sirapob/TORTO_NvidiaSim/install/torto_description:/home/sirapob/isaacsim/isaac_ros_ws/install/reset_listener_pkg:/opt/ros/humble'), ('ORIGINAL_XDG_CURRENT_DESKTOP', 'ubuntu:GNOME'), ('SHELL', '/bin/bash'), ('LC_NAME', 'th_TH.UTF-8'), ('QT_ACCESSIBILITY', '1'), ('GDMSESSION', 'ubuntu'), ('LESSCLOSE', '/usr/bin/lesspipe %s %s'), ('LC_MEASUREMENT', 'th_TH.UTF-8'), ('GPG_AGENT_INFO', '/run/user/1000/gnupg/S.gpg-agent:0:1'), ('GJS_DEBUG_OUTPUT', 'stderr'), ('LC_IDENTIFICATION', 'th_TH.UTF-8'), ('VSCODE_GIT_ASKPASS_EXTRA_ARGS', ''), ('QT_IM_MODULE', 'ibus'), ('PWD', '/home/sirapob/TORTO_NvidiaSim/build/torto_interfaces'), ('XDG_CONFIG_DIRS', '/etc/xdg/xdg-ubuntu:/etc/xdg'), ('XDG_DATA_DIRS', '/usr/share/ubuntu:/usr/share/gnome:/usr/local/share/:/usr/share/:/var/lib/snapd/desktop'), ('PYTHONPATH', '/home/sirapob/TORTO_NvidiaSim/build/torto_hardware:/home/sirapob/TORTO_NvidiaSim/install/torto_sim_ctrl/lib/python3.10/site-packages:/home/sirapob/TORTO_NvidiaSim/install/torto_rl_pkg/lib/python3.10/site-packages:/home/sirapob/TORTO_NvidiaSim/install/torto_odometry/lib/python3.10/site-packages:/home/sirapob/TORTO_NvidiaSim/install/torto_ctrl/lib/python3.10/site-packages:/home/sirapob/TORTO_NvidiaSim/install/torto_interfaces/local/lib/python3.10/dist-packages:/home/sirapob/TORTO_NvidiaSim/install/torto_input_handle/lib/python3.10/site-packages:/home/sirapob/TORTO_NvidiaSim/install/torto_hardware/lib/python3.10/site-packages:/home/sirapob/isaacsim/isaac_ros_ws/build/reset_listener_pkg:/home/sirapob/isaacsim/isaac_ros_ws/install/reset_listener_pkg/lib/python3.10/site-packages:/opt/ros/humble/lib/python3.10/site-packages:/opt/ros/humble/local/lib/python3.10/dist-packages'), ('LC_NUMERIC', 'th_TH.UTF-8'), ('LC_PAPER', 'th_TH.UTF-8'), ('COLCON', '1'), ('CMAKE_PREFIX_PATH', '/home/sirapob/TORTO_NvidiaSim/install/torto_bringup:/home/sirapob/TORTO_NvidiaSim/install/torto_interfaces:/home/sirapob/TORTO_NvidiaSim/install/torto_description:/home/sirapob/TORTO_NvidiaSim/install/torto_sim_ctrl:/home/sirapob/TORTO_NvidiaSim/install/torto_rl_pkg:/home/sirapob/TORTO_NvidiaSim/install/torto_odometry:/home/sirapob/TORTO_NvidiaSim/install/torto_ctrl:/home/sirapob/TORTO_NvidiaSim/install/torto_input_handle:/home/sirapob/TORTO_NvidiaSim/install/torto_hardware:/home/sirapob/isaacsim/isaac_ros_ws/install/reset_listener_pkg:/opt/ros/humble')]), 'shell': False}
[4.952574] (-) TimerEvent: {}
[5.053156] (-) TimerEvent: {}
[5.081560] (torto_interfaces) StdoutLine: {'line': b'[  2%] \x1b[34m\x1b[1mGenerating C code for ROS interfaces\x1b[0m\n'}
[5.113174] (torto_interfaces) StdoutLine: {'line': b'[  4%] \x1b[34m\x1b[1mGenerating C++ code for ROS interfaces\x1b[0m\n'}
[5.149154] (torto_interfaces) StdoutLine: {'line': b'[  4%] Built target ament_cmake_python_symlink_torto_interfaces\n'}
[5.153963] (-) TimerEvent: {}
[5.250360] (torto_description) StdoutLine: {'line': b'-- Found Python3: /usr/bin/python3 (found version "3.10.12") found components: Interpreter \n'}
[5.254107] (-) TimerEvent: {}
[5.355599] (-) TimerEvent: {}
[5.456375] (-) TimerEvent: {}
[5.512012] (torto_description) StdoutLine: {'line': b'-- Override CMake install command with custom implementation using symlinks instead of copying resources\n'}
[5.556540] (-) TimerEvent: {}
[5.657320] (-) TimerEvent: {}
[5.758376] (-) TimerEvent: {}
[5.859751] (-) TimerEvent: {}
[5.943918] (torto_description) StdoutLine: {'line': b'-- Configuring done\n'}
[5.953060] (torto_description) StdoutLine: {'line': b'-- Generating done\n'}
[5.958710] (torto_description) StdoutLine: {'line': b'-- Build files have been written to: /home/sirapob/TORTO_NvidiaSim/build/torto_description\n'}
[5.959866] (-) TimerEvent: {}
[5.984749] (torto_description) CommandEnded: {'returncode': 0}
[5.990347] (torto_description) JobProgress: {'identifier': 'torto_description', 'progress': 'build'}
[5.991126] (torto_description) Command: {'cmd': ['/usr/bin/cmake', '--build', '/home/sirapob/TORTO_NvidiaSim/build/torto_description', '--', '-j16', '-l16'], 'cwd': '/home/sirapob/TORTO_NvidiaSim/build/torto_description', 'env': OrderedDict([('GJS_DEBUG_TOPICS', 'JS ERROR;JS LOG'), ('LESSOPEN', '| /usr/bin/lesspipe %s'), ('USER', 'sirapob'), ('LC_TIME', 'th_TH.UTF-8'), ('XDG_SESSION_TYPE', 'x11'), ('GIT_ASKPASS', '/usr/share/code/resources/app/extensions/git/dist/askpass.sh'), ('SHLVL', '1'), ('LD_LIBRARY_PATH', '/home/sirapob/TORTO_NvidiaSim/install/torto_interfaces/lib:/opt/ros/humble/opt/rviz_ogre_vendor/lib:/opt/ros/humble/lib/x86_64-linux-gnu:/opt/ros/humble/lib'), ('HOME', '/home/sirapob'), ('CHROME_DESKTOP', 'code.desktop'), ('TERM_PROGRAM_VERSION', '1.97.2'), ('DESKTOP_SESSION', 'ubuntu'), ('GIO_LAUNCHED_DESKTOP_FILE', '/usr/share/applications/code.desktop'), ('ROS_PYTHON_VERSION', '3'), ('GNOME_SHELL_SESSION_MODE', 'ubuntu'), ('GTK_MODULES', 'gail:atk-bridge'), ('VSCODE_GIT_ASKPASS_MAIN', '/usr/share/code/resources/app/extensions/git/dist/askpass-main.js'), ('LC_MONETARY', 'th_TH.UTF-8'), ('VSCODE_GIT_ASKPASS_NODE', '/usr/share/code/code'), ('MANAGERPID', '1796'), ('PYDEVD_DISABLE_FILE_VALIDATION', '1'), ('SYSTEMD_EXEC_PID', '2140'), ('BUNDLED_DEBUGPY_PATH', '/home/sirapob/.vscode/extensions/ms-python.debugpy-2025.8.0-linux-x64/bundled/libs/debugpy'), ('DBUS_SESSION_BUS_ADDRESS', 'unix:path=/run/user/1000/bus'), ('COLORTERM', 'truecolor'), ('GIO_LAUNCHED_DESKTOP_FILE_PID', '4854'), ('COLCON_PREFIX_PATH', '/home/sirapob/TORTO_NvidiaSim/install:/home/sirapob/isaacsim/isaac_ros_ws/install'), ('ROS_DISTRO', 'humble'), ('GTK_IM_MODULE', 'ibus'), ('LOGNAME', 'sirapob'), ('JOURNAL_STREAM', '8:12909'), ('_', '/usr/bin/colcon'), ('ROS_VERSION', '2'), ('XDG_SESSION_CLASS', 'user'), ('USERNAME', 'sirapob'), ('TERM', 'xterm-256color'), ('GNOME_DESKTOP_SESSION_ID', 'this-is-deprecated'), ('ROS_LOCALHOST_ONLY', '0'), ('WINDOWPATH', '2'), ('PATH', '/home/sirapob/.local/bin:/opt/ros/humble/bin:/home/sirapob/.local/bin:/usr/local/sbin:/usr/local/bin:/usr/sbin:/usr/bin:/sbin:/bin:/usr/games:/usr/local/games:/snap/bin:/snap/bin:/home/sirapob/.vscode/extensions/ms-python.debugpy-2025.8.0-linux-x64/bundled/scripts/noConfigScripts'), ('SESSION_MANAGER', 'local/sirapob-ROG-Strix-G732LXS-G742LXS:@/tmp/.ICE-unix/2113,unix/sirapob-ROG-Strix-G732LXS-G742LXS:/tmp/.ICE-unix/2113'), ('INVOCATION_ID', '9188ecfe137840c68e3ba7c42310f545'), ('XDG_MENU_PREFIX', 'gnome-'), ('LC_ADDRESS', 'th_TH.UTF-8'), ('XDG_RUNTIME_DIR', '/run/user/1000'), ('GDK_BACKEND', 'x11'), ('DISPLAY', ':1'), ('VSCODE_DEBUGPY_ADAPTER_ENDPOINTS', '/home/sirapob/.vscode/extensions/ms-python.debugpy-2025.8.0-linux-x64/.noConfigDebugAdapterEndpoints/endpoint-08ece0a135d34187.txt'), ('LANG', 'en_US.UTF-8'), ('XDG_CURRENT_DESKTOP', 'Unity'), ('LC_TELEPHONE', 'th_TH.UTF-8'), ('XMODIFIERS', '@im=ibus'), ('XDG_SESSION_DESKTOP', 'ubuntu'), ('XAUTHORITY', '/run/user/1000/gdm/Xauthority'), ('LS_COLORS', 'rs=0:di=01;34:ln=01;36:mh=00:pi=40;33:so=01;35:do=01;35:bd=40;33;01:cd=40;33;01:or=40;31;01:mi=00:su=37;41:sg=30;43:ca=30;41:tw=30;42:ow=34;42:st=37;44:ex=01;32:*.tar=01;31:*.tgz=01;31:*.arc=01;31:*.arj=01;31:*.taz=01;31:*.lha=01;31:*.lz4=01;31:*.lzh=01;31:*.lzma=01;31:*.tlz=01;31:*.txz=01;31:*.tzo=01;31:*.t7z=01;31:*.zip=01;31:*.z=01;31:*.dz=01;31:*.gz=01;31:*.lrz=01;31:*.lz=01;31:*.lzo=01;31:*.xz=01;31:*.zst=01;31:*.tzst=01;31:*.bz2=01;31:*.bz=01;31:*.tbz=01;31:*.tbz2=01;31:*.tz=01;31:*.deb=01;31:*.rpm=01;31:*.jar=01;31:*.war=01;31:*.ear=01;31:*.sar=01;31:*.rar=01;31:*.alz=01;31:*.ace=01;31:*.zoo=01;31:*.cpio=01;31:*.7z=01;31:*.rz=01;31:*.cab=01;31:*.wim=01;31:*.swm=01;31:*.dwm=01;31:*.esd=01;31:*.jpg=01;35:*.jpeg=01;35:*.mjpg=01;35:*.mjpeg=01;35:*.gif=01;35:*.bmp=01;35:*.pbm=01;35:*.pgm=01;35:*.ppm=01;35:*.tga=01;35:*.xbm=01;35:*.xpm=01;35:*.tif=01;35:*.tiff=01;35:*.png=01;35:*.svg=01;35:*.svgz=01;35:*.mng=01;35:*.pcx=01;35:*.mov=01;35:*.mpg=01;35:*.mpeg=01;35:*.m2v=01;35:*.mkv=01;35:*.webm=01;35:*.webp=01;35:*.ogm=01;35:*.mp4=01;35:*.m4v=01;35:*.mp4v=01;35:*.vob=01;35:*.qt=01;35:*.nuv=01;35:*.wmv=01;35:*.asf=01;35:*.rm=01;35:*.rmvb=01;35:*.flc=01;35:*.avi=01;35:*.fli=01;35:*.flv=01;35:*.gl=01;35:*.dl=01;35:*.xcf=01;35:*.xwd=01;35:*.yuv=01;35:*.cgm=01;35:*.emf=01;35:*.ogv=01;35:*.ogx=01;35:*.aac=00;36:*.au=00;36:*.flac=00;36:*.m4a=00;36:*.mid=00;36:*.midi=00;36:*.mka=00;36:*.mp3=00;36:*.mpc=00;36:*.ogg=00;36:*.ra=00;36:*.wav=00;36:*.oga=00;36:*.opus=00;36:*.spx=00;36:*.xspf=00;36:'), ('VSCODE_GIT_IPC_HANDLE', '/run/user/1000/vscode-git-aa4929aee5.sock'), ('TERM_PROGRAM', 'vscode'), ('SSH_AGENT_LAUNCHER', 'gnome-keyring'), ('SSH_AUTH_SOCK', '/run/user/1000/keyring/ssh'), ('AMENT_PREFIX_PATH', '/home/sirapob/TORTO_NvidiaSim/install/torto_bringup:/home/sirapob/TORTO_NvidiaSim/install/torto_sim_ctrl:/home/sirapob/TORTO_NvidiaSim/install/torto_rl_pkg:/home/sirapob/TORTO_NvidiaSim/install/torto_odometry:/home/sirapob/TORTO_NvidiaSim/install/torto_ctrl:/home/sirapob/TORTO_NvidiaSim/install/torto_interfaces:/home/sirapob/TORTO_NvidiaSim/install/torto_input_handle:/home/sirapob/TORTO_NvidiaSim/install/torto_hardware:/home/sirapob/TORTO_NvidiaSim/install/torto_description:/home/sirapob/isaacsim/isaac_ros_ws/install/reset_listener_pkg:/opt/ros/humble'), ('ORIGINAL_XDG_CURRENT_DESKTOP', 'ubuntu:GNOME'), ('SHELL', '/bin/bash'), ('LC_NAME', 'th_TH.UTF-8'), ('QT_ACCESSIBILITY', '1'), ('GDMSESSION', 'ubuntu'), ('LESSCLOSE', '/usr/bin/lesspipe %s %s'), ('LC_MEASUREMENT', 'th_TH.UTF-8'), ('GPG_AGENT_INFO', '/run/user/1000/gnupg/S.gpg-agent:0:1'), ('GJS_DEBUG_OUTPUT', 'stderr'), ('LC_IDENTIFICATION', 'th_TH.UTF-8'), ('VSCODE_GIT_ASKPASS_EXTRA_ARGS', ''), ('QT_IM_MODULE', 'ibus'), ('PWD', '/home/sirapob/TORTO_NvidiaSim/build/torto_description'), ('XDG_CONFIG_DIRS', '/etc/xdg/xdg-ubuntu:/etc/xdg'), ('XDG_DATA_DIRS', '/usr/share/ubuntu:/usr/share/gnome:/usr/local/share/:/usr/share/:/var/lib/snapd/desktop'), ('PYTHONPATH', '/home/sirapob/TORTO_NvidiaSim/build/torto_hardware:/home/sirapob/TORTO_NvidiaSim/install/torto_sim_ctrl/lib/python3.10/site-packages:/home/sirapob/TORTO_NvidiaSim/install/torto_rl_pkg/lib/python3.10/site-packages:/home/sirapob/TORTO_NvidiaSim/install/torto_odometry/lib/python3.10/site-packages:/home/sirapob/TORTO_NvidiaSim/install/torto_ctrl/lib/python3.10/site-packages:/home/sirapob/TORTO_NvidiaSim/install/torto_interfaces/local/lib/python3.10/dist-packages:/home/sirapob/TORTO_NvidiaSim/install/torto_input_handle/lib/python3.10/site-packages:/home/sirapob/TORTO_NvidiaSim/install/torto_hardware/lib/python3.10/site-packages:/home/sirapob/isaacsim/isaac_ros_ws/build/reset_listener_pkg:/home/sirapob/isaacsim/isaac_ros_ws/install/reset_listener_pkg/lib/python3.10/site-packages:/opt/ros/humble/lib/python3.10/site-packages:/opt/ros/humble/local/lib/python3.10/dist-packages'), ('LC_NUMERIC', 'th_TH.UTF-8'), ('LC_PAPER', 'th_TH.UTF-8'), ('COLCON', '1'), ('CMAKE_PREFIX_PATH', '/home/sirapob/TORTO_NvidiaSim/install/torto_bringup:/home/sirapob/TORTO_NvidiaSim/install/torto_interfaces:/home/sirapob/TORTO_NvidiaSim/install/torto_description:/home/sirapob/TORTO_NvidiaSim/install/torto_sim_ctrl:/home/sirapob/TORTO_NvidiaSim/install/torto_rl_pkg:/home/sirapob/TORTO_NvidiaSim/install/torto_odometry:/home/sirapob/TORTO_NvidiaSim/install/torto_ctrl:/home/sirapob/TORTO_NvidiaSim/install/torto_input_handle:/home/sirapob/TORTO_NvidiaSim/install/torto_hardware:/home/sirapob/isaacsim/isaac_ros_ws/install/reset_listener_pkg:/opt/ros/humble')]), 'shell': False}
[6.060038] (-) TimerEvent: {}
[6.136786] (torto_description) CommandEnded: {'returncode': 0}
[6.139074] (torto_description) JobProgress: {'identifier': 'torto_description', 'progress': 'install'}
[6.160198] (-) TimerEvent: {}
[6.178117] (torto_description) Command: {'cmd': ['/usr/bin/cmake', '--install', '/home/sirapob/TORTO_NvidiaSim/build/torto_description'], 'cwd': '/home/sirapob/TORTO_NvidiaSim/build/torto_description', 'env': OrderedDict([('GJS_DEBUG_TOPICS', 'JS ERROR;JS LOG'), ('LESSOPEN', '| /usr/bin/lesspipe %s'), ('USER', 'sirapob'), ('LC_TIME', 'th_TH.UTF-8'), ('XDG_SESSION_TYPE', 'x11'), ('GIT_ASKPASS', '/usr/share/code/resources/app/extensions/git/dist/askpass.sh'), ('SHLVL', '1'), ('LD_LIBRARY_PATH', '/home/sirapob/TORTO_NvidiaSim/install/torto_interfaces/lib:/opt/ros/humble/opt/rviz_ogre_vendor/lib:/opt/ros/humble/lib/x86_64-linux-gnu:/opt/ros/humble/lib'), ('HOME', '/home/sirapob'), ('CHROME_DESKTOP', 'code.desktop'), ('TERM_PROGRAM_VERSION', '1.97.2'), ('DESKTOP_SESSION', 'ubuntu'), ('GIO_LAUNCHED_DESKTOP_FILE', '/usr/share/applications/code.desktop'), ('ROS_PYTHON_VERSION', '3'), ('GNOME_SHELL_SESSION_MODE', 'ubuntu'), ('GTK_MODULES', 'gail:atk-bridge'), ('VSCODE_GIT_ASKPASS_MAIN', '/usr/share/code/resources/app/extensions/git/dist/askpass-main.js'), ('LC_MONETARY', 'th_TH.UTF-8'), ('VSCODE_GIT_ASKPASS_NODE', '/usr/share/code/code'), ('MANAGERPID', '1796'), ('PYDEVD_DISABLE_FILE_VALIDATION', '1'), ('SYSTEMD_EXEC_PID', '2140'), ('BUNDLED_DEBUGPY_PATH', '/home/sirapob/.vscode/extensions/ms-python.debugpy-2025.8.0-linux-x64/bundled/libs/debugpy'), ('DBUS_SESSION_BUS_ADDRESS', 'unix:path=/run/user/1000/bus'), ('COLORTERM', 'truecolor'), ('GIO_LAUNCHED_DESKTOP_FILE_PID', '4854'), ('COLCON_PREFIX_PATH', '/home/sirapob/TORTO_NvidiaSim/install:/home/sirapob/isaacsim/isaac_ros_ws/install'), ('ROS_DISTRO', 'humble'), ('GTK_IM_MODULE', 'ibus'), ('LOGNAME', 'sirapob'), ('JOURNAL_STREAM', '8:12909'), ('_', '/usr/bin/colcon'), ('ROS_VERSION', '2'), ('XDG_SESSION_CLASS', 'user'), ('USERNAME', 'sirapob'), ('TERM', 'xterm-256color'), ('GNOME_DESKTOP_SESSION_ID', 'this-is-deprecated'), ('ROS_LOCALHOST_ONLY', '0'), ('WINDOWPATH', '2'), ('PATH', '/home/sirapob/.local/bin:/opt/ros/humble/bin:/home/sirapob/.local/bin:/usr/local/sbin:/usr/local/bin:/usr/sbin:/usr/bin:/sbin:/bin:/usr/games:/usr/local/games:/snap/bin:/snap/bin:/home/sirapob/.vscode/extensions/ms-python.debugpy-2025.8.0-linux-x64/bundled/scripts/noConfigScripts'), ('SESSION_MANAGER', 'local/sirapob-ROG-Strix-G732LXS-G742LXS:@/tmp/.ICE-unix/2113,unix/sirapob-ROG-Strix-G732LXS-G742LXS:/tmp/.ICE-unix/2113'), ('INVOCATION_ID', '9188ecfe137840c68e3ba7c42310f545'), ('XDG_MENU_PREFIX', 'gnome-'), ('LC_ADDRESS', 'th_TH.UTF-8'), ('XDG_RUNTIME_DIR', '/run/user/1000'), ('GDK_BACKEND', 'x11'), ('DISPLAY', ':1'), ('VSCODE_DEBUGPY_ADAPTER_ENDPOINTS', '/home/sirapob/.vscode/extensions/ms-python.debugpy-2025.8.0-linux-x64/.noConfigDebugAdapterEndpoints/endpoint-08ece0a135d34187.txt'), ('LANG', 'en_US.UTF-8'), ('XDG_CURRENT_DESKTOP', 'Unity'), ('LC_TELEPHONE', 'th_TH.UTF-8'), ('XMODIFIERS', '@im=ibus'), ('XDG_SESSION_DESKTOP', 'ubuntu'), ('XAUTHORITY', '/run/user/1000/gdm/Xauthority'), ('LS_COLORS', 'rs=0:di=01;34:ln=01;36:mh=00:pi=40;33:so=01;35:do=01;35:bd=40;33;01:cd=40;33;01:or=40;31;01:mi=00:su=37;41:sg=30;43:ca=30;41:tw=30;42:ow=34;42:st=37;44:ex=01;32:*.tar=01;31:*.tgz=01;31:*.arc=01;31:*.arj=01;31:*.taz=01;31:*.lha=01;31:*.lz4=01;31:*.lzh=01;31:*.lzma=01;31:*.tlz=01;31:*.txz=01;31:*.tzo=01;31:*.t7z=01;31:*.zip=01;31:*.z=01;31:*.dz=01;31:*.gz=01;31:*.lrz=01;31:*.lz=01;31:*.lzo=01;31:*.xz=01;31:*.zst=01;31:*.tzst=01;31:*.bz2=01;31:*.bz=01;31:*.tbz=01;31:*.tbz2=01;31:*.tz=01;31:*.deb=01;31:*.rpm=01;31:*.jar=01;31:*.war=01;31:*.ear=01;31:*.sar=01;31:*.rar=01;31:*.alz=01;31:*.ace=01;31:*.zoo=01;31:*.cpio=01;31:*.7z=01;31:*.rz=01;31:*.cab=01;31:*.wim=01;31:*.swm=01;31:*.dwm=01;31:*.esd=01;31:*.jpg=01;35:*.jpeg=01;35:*.mjpg=01;35:*.mjpeg=01;35:*.gif=01;35:*.bmp=01;35:*.pbm=01;35:*.pgm=01;35:*.ppm=01;35:*.tga=01;35:*.xbm=01;35:*.xpm=01;35:*.tif=01;35:*.tiff=01;35:*.png=01;35:*.svg=01;35:*.svgz=01;35:*.mng=01;35:*.pcx=01;35:*.mov=01;35:*.mpg=01;35:*.mpeg=01;35:*.m2v=01;35:*.mkv=01;35:*.webm=01;35:*.webp=01;35:*.ogm=01;35:*.mp4=01;35:*.m4v=01;35:*.mp4v=01;35:*.vob=01;35:*.qt=01;35:*.nuv=01;35:*.wmv=01;35:*.asf=01;35:*.rm=01;35:*.rmvb=01;35:*.flc=01;35:*.avi=01;35:*.fli=01;35:*.flv=01;35:*.gl=01;35:*.dl=01;35:*.xcf=01;35:*.xwd=01;35:*.yuv=01;35:*.cgm=01;35:*.emf=01;35:*.ogv=01;35:*.ogx=01;35:*.aac=00;36:*.au=00;36:*.flac=00;36:*.m4a=00;36:*.mid=00;36:*.midi=00;36:*.mka=00;36:*.mp3=00;36:*.mpc=00;36:*.ogg=00;36:*.ra=00;36:*.wav=00;36:*.oga=00;36:*.opus=00;36:*.spx=00;36:*.xspf=00;36:'), ('VSCODE_GIT_IPC_HANDLE', '/run/user/1000/vscode-git-aa4929aee5.sock'), ('TERM_PROGRAM', 'vscode'), ('SSH_AGENT_LAUNCHER', 'gnome-keyring'), ('SSH_AUTH_SOCK', '/run/user/1000/keyring/ssh'), ('AMENT_PREFIX_PATH', '/home/sirapob/TORTO_NvidiaSim/install/torto_bringup:/home/sirapob/TORTO_NvidiaSim/install/torto_sim_ctrl:/home/sirapob/TORTO_NvidiaSim/install/torto_rl_pkg:/home/sirapob/TORTO_NvidiaSim/install/torto_odometry:/home/sirapob/TORTO_NvidiaSim/install/torto_ctrl:/home/sirapob/TORTO_NvidiaSim/install/torto_interfaces:/home/sirapob/TORTO_NvidiaSim/install/torto_input_handle:/home/sirapob/TORTO_NvidiaSim/install/torto_hardware:/home/sirapob/TORTO_NvidiaSim/install/torto_description:/home/sirapob/isaacsim/isaac_ros_ws/install/reset_listener_pkg:/opt/ros/humble'), ('ORIGINAL_XDG_CURRENT_DESKTOP', 'ubuntu:GNOME'), ('SHELL', '/bin/bash'), ('LC_NAME', 'th_TH.UTF-8'), ('QT_ACCESSIBILITY', '1'), ('GDMSESSION', 'ubuntu'), ('LESSCLOSE', '/usr/bin/lesspipe %s %s'), ('LC_MEASUREMENT', 'th_TH.UTF-8'), ('GPG_AGENT_INFO', '/run/user/1000/gnupg/S.gpg-agent:0:1'), ('GJS_DEBUG_OUTPUT', 'stderr'), ('LC_IDENTIFICATION', 'th_TH.UTF-8'), ('VSCODE_GIT_ASKPASS_EXTRA_ARGS', ''), ('QT_IM_MODULE', 'ibus'), ('PWD', '/home/sirapob/TORTO_NvidiaSim/build/torto_description'), ('XDG_CONFIG_DIRS', '/etc/xdg/xdg-ubuntu:/etc/xdg'), ('XDG_DATA_DIRS', '/usr/share/ubuntu:/usr/share/gnome:/usr/local/share/:/usr/share/:/var/lib/snapd/desktop'), ('PYTHONPATH', '/home/sirapob/TORTO_NvidiaSim/build/torto_hardware:/home/sirapob/TORTO_NvidiaSim/install/torto_sim_ctrl/lib/python3.10/site-packages:/home/sirapob/TORTO_NvidiaSim/install/torto_rl_pkg/lib/python3.10/site-packages:/home/sirapob/TORTO_NvidiaSim/install/torto_odometry/lib/python3.10/site-packages:/home/sirapob/TORTO_NvidiaSim/install/torto_ctrl/lib/python3.10/site-packages:/home/sirapob/TORTO_NvidiaSim/install/torto_interfaces/local/lib/python3.10/dist-packages:/home/sirapob/TORTO_NvidiaSim/install/torto_input_handle/lib/python3.10/site-packages:/home/sirapob/TORTO_NvidiaSim/install/torto_hardware/lib/python3.10/site-packages:/home/sirapob/isaacsim/isaac_ros_ws/build/reset_listener_pkg:/home/sirapob/isaacsim/isaac_ros_ws/install/reset_listener_pkg/lib/python3.10/site-packages:/opt/ros/humble/lib/python3.10/site-packages:/opt/ros/humble/local/lib/python3.10/dist-packages'), ('LC_NUMERIC', 'th_TH.UTF-8'), ('LC_PAPER', 'th_TH.UTF-8'), ('COLCON', '1'), ('CMAKE_PREFIX_PATH', '/home/sirapob/TORTO_NvidiaSim/install/torto_bringup:/home/sirapob/TORTO_NvidiaSim/install/torto_interfaces:/home/sirapob/TORTO_NvidiaSim/install/torto_description:/home/sirapob/TORTO_NvidiaSim/install/torto_sim_ctrl:/home/sirapob/TORTO_NvidiaSim/install/torto_rl_pkg:/home/sirapob/TORTO_NvidiaSim/install/torto_odometry:/home/sirapob/TORTO_NvidiaSim/install/torto_ctrl:/home/sirapob/TORTO_NvidiaSim/install/torto_input_handle:/home/sirapob/TORTO_NvidiaSim/install/torto_hardware:/home/sirapob/isaacsim/isaac_ros_ws/install/reset_listener_pkg:/opt/ros/humble')]), 'shell': False}
[6.203935] (torto_description) StdoutLine: {'line': b'-- Install configuration: ""\n'}
[6.204930] (torto_description) StdoutLine: {'line': b'-- Execute custom install script\n'}
[6.205960] (torto_description) StdoutLine: {'line': b'-- Symlinking: /home/sirapob/TORTO_NvidiaSim/install/torto_description/share/torto_description//urdf/torto.urdf\n'}
[6.237920] (torto_description) StdoutLine: {'line': b'-- Symlinking: /home/sirapob/TORTO_NvidiaSim/install/torto_description/share/torto_description//urdf/torto/configuration/torto_base.usd\n'}
[6.260348] (-) TimerEvent: {}
[6.264307] (torto_description) StdoutLine: {'line': b'-- Symlinking: /home/sirapob/TORTO_NvidiaSim/install/torto_description/share/torto_description//urdf/torto/configuration/torto_physics.usd\n'}
[6.292347] (torto_description) StdoutLine: {'line': b'-- Symlinking: /home/sirapob/TORTO_NvidiaSim/install/torto_description/share/torto_description//urdf/torto/configuration/torto_sensor.usd\n'}
[6.325951] (torto_description) StdoutLine: {'line': b'-- Symlinking: /home/sirapob/TORTO_NvidiaSim/install/torto_description/share/torto_description//urdf/torto/torto.usd\n'}
[6.358776] (torto_description) StdoutLine: {'line': b'-- Symlinking: /home/sirapob/TORTO_NvidiaSim/install/torto_description/share/torto_description//launch/display.launch.xml\n'}
[6.365567] (-) TimerEvent: {}
[6.378984] (torto_interfaces) StdoutLine: {'line': b'running egg_info\n'}
[6.382932] (torto_interfaces) StdoutLine: {'line': b'creating torto_interfaces.egg-info\n'}
[6.383558] (torto_interfaces) StdoutLine: {'line': b'writing torto_interfaces.egg-info/PKG-INFO\n'}
[6.384722] (torto_interfaces) StdoutLine: {'line': b'writing dependency_links to torto_interfaces.egg-info/dependency_links.txt\n'}
[6.385133] (torto_interfaces) StdoutLine: {'line': b'writing top-level names to torto_interfaces.egg-info/top_level.txt\n'}
[6.385707] (torto_interfaces) StdoutLine: {'line': b"writing manifest file 'torto_interfaces.egg-info/SOURCES.txt'\n"}
[6.392481] (torto_description) StdoutLine: {'line': b'-- Symlinking: /home/sirapob/TORTO_NvidiaSim/install/torto_description/share/torto_description//meshes/frame/collision_Body.stl\n'}
[6.397043] (torto_interfaces) StdoutLine: {'line': b"reading manifest file 'torto_interfaces.egg-info/SOURCES.txt'\n"}
[6.399306] (torto_interfaces) StdoutLine: {'line': b"writing manifest file 'torto_interfaces.egg-info/SOURCES.txt'\n"}
[6.408418] (torto_input_handle) Command: {'cmd': ['/usr/bin/python3', '-W', 'ignore:setup.py install is deprecated', '-W', 'ignore:easy_install command is deprecated', 'setup.py', 'develop', '--editable', '--build-directory', '/home/sirapob/TORTO_NvidiaSim/build/torto_input_handle/build', '--no-deps', 'symlink_data'], 'cwd': '/home/sirapob/TORTO_NvidiaSim/build/torto_input_handle', 'env': {'GJS_DEBUG_TOPICS': 'JS ERROR;JS LOG', 'LESSOPEN': '| /usr/bin/lesspipe %s', 'USER': 'sirapob', 'LC_TIME': 'th_TH.UTF-8', 'XDG_SESSION_TYPE': 'x11', 'GIT_ASKPASS': '/usr/share/code/resources/app/extensions/git/dist/askpass.sh', 'SHLVL': '1', 'LD_LIBRARY_PATH': '/home/sirapob/TORTO_NvidiaSim/install/torto_interfaces/lib:/opt/ros/humble/opt/rviz_ogre_vendor/lib:/opt/ros/humble/lib/x86_64-linux-gnu:/opt/ros/humble/lib', 'HOME': '/home/sirapob', 'CHROME_DESKTOP': 'code.desktop', 'TERM_PROGRAM_VERSION': '1.97.2', 'DESKTOP_SESSION': 'ubuntu', 'GIO_LAUNCHED_DESKTOP_FILE': '/usr/share/applications/code.desktop', 'ROS_PYTHON_VERSION': '3', 'GNOME_SHELL_SESSION_MODE': 'ubuntu', 'GTK_MODULES': 'gail:atk-bridge', 'VSCODE_GIT_ASKPASS_MAIN': '/usr/share/code/resources/app/extensions/git/dist/askpass-main.js', 'LC_MONETARY': 'th_TH.UTF-8', 'VSCODE_GIT_ASKPASS_NODE': '/usr/share/code/code', 'MANAGERPID': '1796', 'PYDEVD_DISABLE_FILE_VALIDATION': '1', 'SYSTEMD_EXEC_PID': '2140', 'BUNDLED_DEBUGPY_PATH': '/home/sirapob/.vscode/extensions/ms-python.debugpy-2025.8.0-linux-x64/bundled/libs/debugpy', 'DBUS_SESSION_BUS_ADDRESS': 'unix:path=/run/user/1000/bus', 'COLORTERM': 'truecolor', 'GIO_LAUNCHED_DESKTOP_FILE_PID': '4854', 'COLCON_PREFIX_PATH': '/home/sirapob/TORTO_NvidiaSim/install:/home/sirapob/isaacsim/isaac_ros_ws/install', 'ROS_DISTRO': 'humble', 'GTK_IM_MODULE': 'ibus', 'LOGNAME': 'sirapob', 'JOURNAL_STREAM': '8:12909', '_': '/usr/bin/colcon', 'ROS_VERSION': '2', 'XDG_SESSION_CLASS': 'user', 'USERNAME': 'sirapob', 'TERM': 'xterm-256color', 'GNOME_DESKTOP_SESSION_ID': 'this-is-deprecated', 'ROS_LOCALHOST_ONLY': '0', 'WINDOWPATH': '2', 'PATH': '/home/sirapob/.local/bin:/opt/ros/humble/bin:/home/sirapob/.local/bin:/usr/local/sbin:/usr/local/bin:/usr/sbin:/usr/bin:/sbin:/bin:/usr/games:/usr/local/games:/snap/bin:/snap/bin:/home/sirapob/.vscode/extensions/ms-python.debugpy-2025.8.0-linux-x64/bundled/scripts/noConfigScripts', 'SESSION_MANAGER': 'local/sirapob-ROG-Strix-G732LXS-G742LXS:@/tmp/.ICE-unix/2113,unix/sirapob-ROG-Strix-G732LXS-G742LXS:/tmp/.ICE-unix/2113', 'INVOCATION_ID': '9188ecfe137840c68e3ba7c42310f545', 'XDG_MENU_PREFIX': 'gnome-', 'LC_ADDRESS': 'th_TH.UTF-8', 'XDG_RUNTIME_DIR': '/run/user/1000', 'GDK_BACKEND': 'x11', 'DISPLAY': ':1', 'VSCODE_DEBUGPY_ADAPTER_ENDPOINTS': '/home/sirapob/.vscode/extensions/ms-python.debugpy-2025.8.0-linux-x64/.noConfigDebugAdapterEndpoints/endpoint-08ece0a135d34187.txt', 'LANG': 'en_US.UTF-8', 'XDG_CURRENT_DESKTOP': 'Unity', 'LC_TELEPHONE': 'th_TH.UTF-8', 'XMODIFIERS': '@im=ibus', 'XDG_SESSION_DESKTOP': 'ubuntu', 'XAUTHORITY': '/run/user/1000/gdm/Xauthority', 'LS_COLORS': 'rs=0:di=01;34:ln=01;36:mh=00:pi=40;33:so=01;35:do=01;35:bd=40;33;01:cd=40;33;01:or=40;31;01:mi=00:su=37;41:sg=30;43:ca=30;41:tw=30;42:ow=34;42:st=37;44:ex=01;32:*.tar=01;31:*.tgz=01;31:*.arc=01;31:*.arj=01;31:*.taz=01;31:*.lha=01;31:*.lz4=01;31:*.lzh=01;31:*.lzma=01;31:*.tlz=01;31:*.txz=01;31:*.tzo=01;31:*.t7z=01;31:*.zip=01;31:*.z=01;31:*.dz=01;31:*.gz=01;31:*.lrz=01;31:*.lz=01;31:*.lzo=01;31:*.xz=01;31:*.zst=01;31:*.tzst=01;31:*.bz2=01;31:*.bz=01;31:*.tbz=01;31:*.tbz2=01;31:*.tz=01;31:*.deb=01;31:*.rpm=01;31:*.jar=01;31:*.war=01;31:*.ear=01;31:*.sar=01;31:*.rar=01;31:*.alz=01;31:*.ace=01;31:*.zoo=01;31:*.cpio=01;31:*.7z=01;31:*.rz=01;31:*.cab=01;31:*.wim=01;31:*.swm=01;31:*.dwm=01;31:*.esd=01;31:*.jpg=01;35:*.jpeg=01;35:*.mjpg=01;35:*.mjpeg=01;35:*.gif=01;35:*.bmp=01;35:*.pbm=01;35:*.pgm=01;35:*.ppm=01;35:*.tga=01;35:*.xbm=01;35:*.xpm=01;35:*.tif=01;35:*.tiff=01;35:*.png=01;35:*.svg=01;35:*.svgz=01;35:*.mng=01;35:*.pcx=01;35:*.mov=01;35:*.mpg=01;35:*.mpeg=01;35:*.m2v=01;35:*.mkv=01;35:*.webm=01;35:*.webp=01;35:*.ogm=01;35:*.mp4=01;35:*.m4v=01;35:*.mp4v=01;35:*.vob=01;35:*.qt=01;35:*.nuv=01;35:*.wmv=01;35:*.asf=01;35:*.rm=01;35:*.rmvb=01;35:*.flc=01;35:*.avi=01;35:*.fli=01;35:*.flv=01;35:*.gl=01;35:*.dl=01;35:*.xcf=01;35:*.xwd=01;35:*.yuv=01;35:*.cgm=01;35:*.emf=01;35:*.ogv=01;35:*.ogx=01;35:*.aac=00;36:*.au=00;36:*.flac=00;36:*.m4a=00;36:*.mid=00;36:*.midi=00;36:*.mka=00;36:*.mp3=00;36:*.mpc=00;36:*.ogg=00;36:*.ra=00;36:*.wav=00;36:*.oga=00;36:*.opus=00;36:*.spx=00;36:*.xspf=00;36:', 'VSCODE_GIT_IPC_HANDLE': '/run/user/1000/vscode-git-aa4929aee5.sock', 'TERM_PROGRAM': 'vscode', 'SSH_AGENT_LAUNCHER': 'gnome-keyring', 'SSH_AUTH_SOCK': '/run/user/1000/keyring/ssh', 'AMENT_PREFIX_PATH': '/home/sirapob/TORTO_NvidiaSim/install/torto_bringup:/home/sirapob/TORTO_NvidiaSim/install/torto_sim_ctrl:/home/sirapob/TORTO_NvidiaSim/install/torto_rl_pkg:/home/sirapob/TORTO_NvidiaSim/install/torto_odometry:/home/sirapob/TORTO_NvidiaSim/install/torto_ctrl:/home/sirapob/TORTO_NvidiaSim/install/torto_interfaces:/home/sirapob/TORTO_NvidiaSim/install/torto_input_handle:/home/sirapob/TORTO_NvidiaSim/install/torto_hardware:/home/sirapob/TORTO_NvidiaSim/install/torto_description:/home/sirapob/isaacsim/isaac_ros_ws/install/reset_listener_pkg:/opt/ros/humble', 'ORIGINAL_XDG_CURRENT_DESKTOP': 'ubuntu:GNOME', 'SHELL': '/bin/bash', 'LC_NAME': 'th_TH.UTF-8', 'QT_ACCESSIBILITY': '1', 'GDMSESSION': 'ubuntu', 'LESSCLOSE': '/usr/bin/lesspipe %s %s', 'LC_MEASUREMENT': 'th_TH.UTF-8', 'GPG_AGENT_INFO': '/run/user/1000/gnupg/S.gpg-agent:0:1', 'GJS_DEBUG_OUTPUT': 'stderr', 'LC_IDENTIFICATION': 'th_TH.UTF-8', 'VSCODE_GIT_ASKPASS_EXTRA_ARGS': '', 'QT_IM_MODULE': 'ibus', 'PWD': '/home/sirapob/TORTO_NvidiaSim/build/torto_input_handle', 'XDG_CONFIG_DIRS': '/etc/xdg/xdg-ubuntu:/etc/xdg', 'XDG_DATA_DIRS': '/usr/share/ubuntu:/usr/share/gnome:/usr/local/share/:/usr/share/:/var/lib/snapd/desktop', 'PYTHONPATH': '/home/sirapob/TORTO_NvidiaSim/build/torto_input_handle/prefix_override:/usr/lib/python3/dist-packages/colcon_core/task/python/colcon_distutils_commands:/home/sirapob/TORTO_NvidiaSim/install/torto_input_handle/lib/python3.10/site-packages:/home/sirapob/TORTO_NvidiaSim/build/torto_hardware:/home/sirapob/TORTO_NvidiaSim/install/torto_sim_ctrl/lib/python3.10/site-packages:/home/sirapob/TORTO_NvidiaSim/install/torto_rl_pkg/lib/python3.10/site-packages:/home/sirapob/TORTO_NvidiaSim/install/torto_odometry/lib/python3.10/site-packages:/home/sirapob/TORTO_NvidiaSim/install/torto_ctrl/lib/python3.10/site-packages:/home/sirapob/TORTO_NvidiaSim/install/torto_interfaces/local/lib/python3.10/dist-packages:/home/sirapob/TORTO_NvidiaSim/install/torto_input_handle/lib/python3.10/site-packages:/home/sirapob/TORTO_NvidiaSim/install/torto_hardware/lib/python3.10/site-packages:/home/sirapob/isaacsim/isaac_ros_ws/build/reset_listener_pkg:/home/sirapob/isaacsim/isaac_ros_ws/install/reset_listener_pkg/lib/python3.10/site-packages:/opt/ros/humble/lib/python3.10/site-packages:/opt/ros/humble/local/lib/python3.10/dist-packages', 'LC_NUMERIC': 'th_TH.UTF-8', 'LC_PAPER': 'th_TH.UTF-8', 'COLCON': '1', 'CMAKE_PREFIX_PATH': '/home/sirapob/TORTO_NvidiaSim/install/torto_bringup:/home/sirapob/TORTO_NvidiaSim/install/torto_interfaces:/home/sirapob/TORTO_NvidiaSim/install/torto_description'}, 'shell': False}
[6.438105] (torto_description) StdoutLine: {'line': b'-- Symlinking: /home/sirapob/TORTO_NvidiaSim/install/torto_description/share/torto_description//meshes/frame/collision_DetoidFLBR.stl\n'}
[6.441237] (torto_sim_ctrl) Command: {'cmd': ['/usr/bin/python3', '-W', 'ignore:setup.py install is deprecated', '-W', 'ignore:easy_install command is deprecated', 'setup.py', 'develop', '--editable', '--build-directory', '/home/sirapob/TORTO_NvidiaSim/build/torto_sim_ctrl/build', '--no-deps', 'symlink_data'], 'cwd': '/home/sirapob/TORTO_NvidiaSim/build/torto_sim_ctrl', 'env': {'GJS_DEBUG_TOPICS': 'JS ERROR;JS LOG', 'LESSOPEN': '| /usr/bin/lesspipe %s', 'USER': 'sirapob', 'LC_TIME': 'th_TH.UTF-8', 'XDG_SESSION_TYPE': 'x11', 'GIT_ASKPASS': '/usr/share/code/resources/app/extensions/git/dist/askpass.sh', 'SHLVL': '1', 'LD_LIBRARY_PATH': '/home/sirapob/TORTO_NvidiaSim/install/torto_interfaces/lib:/opt/ros/humble/opt/rviz_ogre_vendor/lib:/opt/ros/humble/lib/x86_64-linux-gnu:/opt/ros/humble/lib', 'HOME': '/home/sirapob', 'CHROME_DESKTOP': 'code.desktop', 'TERM_PROGRAM_VERSION': '1.97.2', 'DESKTOP_SESSION': 'ubuntu', 'GIO_LAUNCHED_DESKTOP_FILE': '/usr/share/applications/code.desktop', 'ROS_PYTHON_VERSION': '3', 'GNOME_SHELL_SESSION_MODE': 'ubuntu', 'GTK_MODULES': 'gail:atk-bridge', 'VSCODE_GIT_ASKPASS_MAIN': '/usr/share/code/resources/app/extensions/git/dist/askpass-main.js', 'LC_MONETARY': 'th_TH.UTF-8', 'VSCODE_GIT_ASKPASS_NODE': '/usr/share/code/code', 'MANAGERPID': '1796', 'PYDEVD_DISABLE_FILE_VALIDATION': '1', 'SYSTEMD_EXEC_PID': '2140', 'BUNDLED_DEBUGPY_PATH': '/home/sirapob/.vscode/extensions/ms-python.debugpy-2025.8.0-linux-x64/bundled/libs/debugpy', 'DBUS_SESSION_BUS_ADDRESS': 'unix:path=/run/user/1000/bus', 'COLORTERM': 'truecolor', 'GIO_LAUNCHED_DESKTOP_FILE_PID': '4854', 'COLCON_PREFIX_PATH': '/home/sirapob/TORTO_NvidiaSim/install:/home/sirapob/isaacsim/isaac_ros_ws/install', 'ROS_DISTRO': 'humble', 'GTK_IM_MODULE': 'ibus', 'LOGNAME': 'sirapob', 'JOURNAL_STREAM': '8:12909', '_': '/usr/bin/colcon', 'ROS_VERSION': '2', 'XDG_SESSION_CLASS': 'user', 'USERNAME': 'sirapob', 'TERM': 'xterm-256color', 'GNOME_DESKTOP_SESSION_ID': 'this-is-deprecated', 'ROS_LOCALHOST_ONLY': '0', 'WINDOWPATH': '2', 'PATH': '/home/sirapob/.local/bin:/opt/ros/humble/bin:/home/sirapob/.local/bin:/usr/local/sbin:/usr/local/bin:/usr/sbin:/usr/bin:/sbin:/bin:/usr/games:/usr/local/games:/snap/bin:/snap/bin:/home/sirapob/.vscode/extensions/ms-python.debugpy-2025.8.0-linux-x64/bundled/scripts/noConfigScripts', 'SESSION_MANAGER': 'local/sirapob-ROG-Strix-G732LXS-G742LXS:@/tmp/.ICE-unix/2113,unix/sirapob-ROG-Strix-G732LXS-G742LXS:/tmp/.ICE-unix/2113', 'INVOCATION_ID': '9188ecfe137840c68e3ba7c42310f545', 'XDG_MENU_PREFIX': 'gnome-', 'LC_ADDRESS': 'th_TH.UTF-8', 'XDG_RUNTIME_DIR': '/run/user/1000', 'GDK_BACKEND': 'x11', 'DISPLAY': ':1', 'VSCODE_DEBUGPY_ADAPTER_ENDPOINTS': '/home/sirapob/.vscode/extensions/ms-python.debugpy-2025.8.0-linux-x64/.noConfigDebugAdapterEndpoints/endpoint-08ece0a135d34187.txt', 'LANG': 'en_US.UTF-8', 'XDG_CURRENT_DESKTOP': 'Unity', 'LC_TELEPHONE': 'th_TH.UTF-8', 'XMODIFIERS': '@im=ibus', 'XDG_SESSION_DESKTOP': 'ubuntu', 'XAUTHORITY': '/run/user/1000/gdm/Xauthority', 'LS_COLORS': 'rs=0:di=01;34:ln=01;36:mh=00:pi=40;33:so=01;35:do=01;35:bd=40;33;01:cd=40;33;01:or=40;31;01:mi=00:su=37;41:sg=30;43:ca=30;41:tw=30;42:ow=34;42:st=37;44:ex=01;32:*.tar=01;31:*.tgz=01;31:*.arc=01;31:*.arj=01;31:*.taz=01;31:*.lha=01;31:*.lz4=01;31:*.lzh=01;31:*.lzma=01;31:*.tlz=01;31:*.txz=01;31:*.tzo=01;31:*.t7z=01;31:*.zip=01;31:*.z=01;31:*.dz=01;31:*.gz=01;31:*.lrz=01;31:*.lz=01;31:*.lzo=01;31:*.xz=01;31:*.zst=01;31:*.tzst=01;31:*.bz2=01;31:*.bz=01;31:*.tbz=01;31:*.tbz2=01;31:*.tz=01;31:*.deb=01;31:*.rpm=01;31:*.jar=01;31:*.war=01;31:*.ear=01;31:*.sar=01;31:*.rar=01;31:*.alz=01;31:*.ace=01;31:*.zoo=01;31:*.cpio=01;31:*.7z=01;31:*.rz=01;31:*.cab=01;31:*.wim=01;31:*.swm=01;31:*.dwm=01;31:*.esd=01;31:*.jpg=01;35:*.jpeg=01;35:*.mjpg=01;35:*.mjpeg=01;35:*.gif=01;35:*.bmp=01;35:*.pbm=01;35:*.pgm=01;35:*.ppm=01;35:*.tga=01;35:*.xbm=01;35:*.xpm=01;35:*.tif=01;35:*.tiff=01;35:*.png=01;35:*.svg=01;35:*.svgz=01;35:*.mng=01;35:*.pcx=01;35:*.mov=01;35:*.mpg=01;35:*.mpeg=01;35:*.m2v=01;35:*.mkv=01;35:*.webm=01;35:*.webp=01;35:*.ogm=01;35:*.mp4=01;35:*.m4v=01;35:*.mp4v=01;35:*.vob=01;35:*.qt=01;35:*.nuv=01;35:*.wmv=01;35:*.asf=01;35:*.rm=01;35:*.rmvb=01;35:*.flc=01;35:*.avi=01;35:*.fli=01;35:*.flv=01;35:*.gl=01;35:*.dl=01;35:*.xcf=01;35:*.xwd=01;35:*.yuv=01;35:*.cgm=01;35:*.emf=01;35:*.ogv=01;35:*.ogx=01;35:*.aac=00;36:*.au=00;36:*.flac=00;36:*.m4a=00;36:*.mid=00;36:*.midi=00;36:*.mka=00;36:*.mp3=00;36:*.mpc=00;36:*.ogg=00;36:*.ra=00;36:*.wav=00;36:*.oga=00;36:*.opus=00;36:*.spx=00;36:*.xspf=00;36:', 'VSCODE_GIT_IPC_HANDLE': '/run/user/1000/vscode-git-aa4929aee5.sock', 'TERM_PROGRAM': 'vscode', 'SSH_AGENT_LAUNCHER': 'gnome-keyring', 'SSH_AUTH_SOCK': '/run/user/1000/keyring/ssh', 'AMENT_PREFIX_PATH': '/home/sirapob/TORTO_NvidiaSim/install/torto_bringup:/home/sirapob/TORTO_NvidiaSim/install/torto_sim_ctrl:/home/sirapob/TORTO_NvidiaSim/install/torto_rl_pkg:/home/sirapob/TORTO_NvidiaSim/install/torto_odometry:/home/sirapob/TORTO_NvidiaSim/install/torto_ctrl:/home/sirapob/TORTO_NvidiaSim/install/torto_interfaces:/home/sirapob/TORTO_NvidiaSim/install/torto_input_handle:/home/sirapob/TORTO_NvidiaSim/install/torto_hardware:/home/sirapob/TORTO_NvidiaSim/install/torto_description:/home/sirapob/isaacsim/isaac_ros_ws/install/reset_listener_pkg:/opt/ros/humble', 'ORIGINAL_XDG_CURRENT_DESKTOP': 'ubuntu:GNOME', 'SHELL': '/bin/bash', 'LC_NAME': 'th_TH.UTF-8', 'QT_ACCESSIBILITY': '1', 'GDMSESSION': 'ubuntu', 'LESSCLOSE': '/usr/bin/lesspipe %s %s', 'LC_MEASUREMENT': 'th_TH.UTF-8', 'GPG_AGENT_INFO': '/run/user/1000/gnupg/S.gpg-agent:0:1', 'GJS_DEBUG_OUTPUT': 'stderr', 'LC_IDENTIFICATION': 'th_TH.UTF-8', 'VSCODE_GIT_ASKPASS_EXTRA_ARGS': '', 'QT_IM_MODULE': 'ibus', 'PWD': '/home/sirapob/TORTO_NvidiaSim/build/torto_sim_ctrl', 'XDG_CONFIG_DIRS': '/etc/xdg/xdg-ubuntu:/etc/xdg', 'XDG_DATA_DIRS': '/usr/share/ubuntu:/usr/share/gnome:/usr/local/share/:/usr/share/:/var/lib/snapd/desktop', 'PYTHONPATH': '/home/sirapob/TORTO_NvidiaSim/build/torto_sim_ctrl/prefix_override:/usr/lib/python3/dist-packages/colcon_core/task/python/colcon_distutils_commands:/home/sirapob/TORTO_NvidiaSim/install/torto_sim_ctrl/lib/python3.10/site-packages:/home/sirapob/TORTO_NvidiaSim/build/torto_hardware:/home/sirapob/TORTO_NvidiaSim/install/torto_sim_ctrl/lib/python3.10/site-packages:/home/sirapob/TORTO_NvidiaSim/install/torto_rl_pkg/lib/python3.10/site-packages:/home/sirapob/TORTO_NvidiaSim/install/torto_odometry/lib/python3.10/site-packages:/home/sirapob/TORTO_NvidiaSim/install/torto_ctrl/lib/python3.10/site-packages:/home/sirapob/TORTO_NvidiaSim/install/torto_interfaces/local/lib/python3.10/dist-packages:/home/sirapob/TORTO_NvidiaSim/install/torto_input_handle/lib/python3.10/site-packages:/home/sirapob/TORTO_NvidiaSim/install/torto_hardware/lib/python3.10/site-packages:/home/sirapob/isaacsim/isaac_ros_ws/build/reset_listener_pkg:/home/sirapob/isaacsim/isaac_ros_ws/install/reset_listener_pkg/lib/python3.10/site-packages:/opt/ros/humble/lib/python3.10/site-packages:/opt/ros/humble/local/lib/python3.10/dist-packages', 'LC_NUMERIC': 'th_TH.UTF-8', 'LC_PAPER': 'th_TH.UTF-8', 'COLCON': '1', 'CMAKE_PREFIX_PATH': '/home/sirapob/TORTO_NvidiaSim/install/torto_bringup:/home/sirapob/TORTO_NvidiaSim/install/torto_interfaces:/home/sirapob/TORTO_NvidiaSim/install/torto_description'}, 'shell': False}
[6.465735] (-) TimerEvent: {}
[6.470606] (torto_hardware) Command: {'cmd': ['/usr/bin/python3', '-W', 'ignore:setup.py install is deprecated', '-W', 'ignore:easy_install command is deprecated', 'setup.py', 'develop', '--editable', '--build-directory', '/home/sirapob/TORTO_NvidiaSim/build/torto_hardware/build', '--no-deps', 'symlink_data'], 'cwd': '/home/sirapob/TORTO_NvidiaSim/build/torto_hardware', 'env': {'GJS_DEBUG_TOPICS': 'JS ERROR;JS LOG', 'LESSOPEN': '| /usr/bin/lesspipe %s', 'USER': 'sirapob', 'LC_TIME': 'th_TH.UTF-8', 'XDG_SESSION_TYPE': 'x11', 'GIT_ASKPASS': '/usr/share/code/resources/app/extensions/git/dist/askpass.sh', 'SHLVL': '1', 'LD_LIBRARY_PATH': '/home/sirapob/TORTO_NvidiaSim/install/torto_interfaces/lib:/opt/ros/humble/opt/rviz_ogre_vendor/lib:/opt/ros/humble/lib/x86_64-linux-gnu:/opt/ros/humble/lib', 'HOME': '/home/sirapob', 'CHROME_DESKTOP': 'code.desktop', 'TERM_PROGRAM_VERSION': '1.97.2', 'DESKTOP_SESSION': 'ubuntu', 'GIO_LAUNCHED_DESKTOP_FILE': '/usr/share/applications/code.desktop', 'ROS_PYTHON_VERSION': '3', 'GNOME_SHELL_SESSION_MODE': 'ubuntu', 'GTK_MODULES': 'gail:atk-bridge', 'VSCODE_GIT_ASKPASS_MAIN': '/usr/share/code/resources/app/extensions/git/dist/askpass-main.js', 'LC_MONETARY': 'th_TH.UTF-8', 'VSCODE_GIT_ASKPASS_NODE': '/usr/share/code/code', 'MANAGERPID': '1796', 'PYDEVD_DISABLE_FILE_VALIDATION': '1', 'SYSTEMD_EXEC_PID': '2140', 'BUNDLED_DEBUGPY_PATH': '/home/sirapob/.vscode/extensions/ms-python.debugpy-2025.8.0-linux-x64/bundled/libs/debugpy', 'DBUS_SESSION_BUS_ADDRESS': 'unix:path=/run/user/1000/bus', 'COLORTERM': 'truecolor', 'GIO_LAUNCHED_DESKTOP_FILE_PID': '4854', 'COLCON_PREFIX_PATH': '/home/sirapob/TORTO_NvidiaSim/install:/home/sirapob/isaacsim/isaac_ros_ws/install', 'ROS_DISTRO': 'humble', 'GTK_IM_MODULE': 'ibus', 'LOGNAME': 'sirapob', 'JOURNAL_STREAM': '8:12909', '_': '/usr/bin/colcon', 'ROS_VERSION': '2', 'XDG_SESSION_CLASS': 'user', 'USERNAME': 'sirapob', 'TERM': 'xterm-256color', 'GNOME_DESKTOP_SESSION_ID': 'this-is-deprecated', 'ROS_LOCALHOST_ONLY': '0', 'WINDOWPATH': '2', 'PATH': '/home/sirapob/.local/bin:/opt/ros/humble/bin:/home/sirapob/.local/bin:/usr/local/sbin:/usr/local/bin:/usr/sbin:/usr/bin:/sbin:/bin:/usr/games:/usr/local/games:/snap/bin:/snap/bin:/home/sirapob/.vscode/extensions/ms-python.debugpy-2025.8.0-linux-x64/bundled/scripts/noConfigScripts', 'SESSION_MANAGER': 'local/sirapob-ROG-Strix-G732LXS-G742LXS:@/tmp/.ICE-unix/2113,unix/sirapob-ROG-Strix-G732LXS-G742LXS:/tmp/.ICE-unix/2113', 'INVOCATION_ID': '9188ecfe137840c68e3ba7c42310f545', 'XDG_MENU_PREFIX': 'gnome-', 'LC_ADDRESS': 'th_TH.UTF-8', 'XDG_RUNTIME_DIR': '/run/user/1000', 'GDK_BACKEND': 'x11', 'DISPLAY': ':1', 'VSCODE_DEBUGPY_ADAPTER_ENDPOINTS': '/home/sirapob/.vscode/extensions/ms-python.debugpy-2025.8.0-linux-x64/.noConfigDebugAdapterEndpoints/endpoint-08ece0a135d34187.txt', 'LANG': 'en_US.UTF-8', 'XDG_CURRENT_DESKTOP': 'Unity', 'LC_TELEPHONE': 'th_TH.UTF-8', 'XMODIFIERS': '@im=ibus', 'XDG_SESSION_DESKTOP': 'ubuntu', 'XAUTHORITY': '/run/user/1000/gdm/Xauthority', 'LS_COLORS': 'rs=0:di=01;34:ln=01;36:mh=00:pi=40;33:so=01;35:do=01;35:bd=40;33;01:cd=40;33;01:or=40;31;01:mi=00:su=37;41:sg=30;43:ca=30;41:tw=30;42:ow=34;42:st=37;44:ex=01;32:*.tar=01;31:*.tgz=01;31:*.arc=01;31:*.arj=01;31:*.taz=01;31:*.lha=01;31:*.lz4=01;31:*.lzh=01;31:*.lzma=01;31:*.tlz=01;31:*.txz=01;31:*.tzo=01;31:*.t7z=01;31:*.zip=01;31:*.z=01;31:*.dz=01;31:*.gz=01;31:*.lrz=01;31:*.lz=01;31:*.lzo=01;31:*.xz=01;31:*.zst=01;31:*.tzst=01;31:*.bz2=01;31:*.bz=01;31:*.tbz=01;31:*.tbz2=01;31:*.tz=01;31:*.deb=01;31:*.rpm=01;31:*.jar=01;31:*.war=01;31:*.ear=01;31:*.sar=01;31:*.rar=01;31:*.alz=01;31:*.ace=01;31:*.zoo=01;31:*.cpio=01;31:*.7z=01;31:*.rz=01;31:*.cab=01;31:*.wim=01;31:*.swm=01;31:*.dwm=01;31:*.esd=01;31:*.jpg=01;35:*.jpeg=01;35:*.mjpg=01;35:*.mjpeg=01;35:*.gif=01;35:*.bmp=01;35:*.pbm=01;35:*.pgm=01;35:*.ppm=01;35:*.tga=01;35:*.xbm=01;35:*.xpm=01;35:*.tif=01;35:*.tiff=01;35:*.png=01;35:*.svg=01;35:*.svgz=01;35:*.mng=01;35:*.pcx=01;35:*.mov=01;35:*.mpg=01;35:*.mpeg=01;35:*.m2v=01;35:*.mkv=01;35:*.webm=01;35:*.webp=01;35:*.ogm=01;35:*.mp4=01;35:*.m4v=01;35:*.mp4v=01;35:*.vob=01;35:*.qt=01;35:*.nuv=01;35:*.wmv=01;35:*.asf=01;35:*.rm=01;35:*.rmvb=01;35:*.flc=01;35:*.avi=01;35:*.fli=01;35:*.flv=01;35:*.gl=01;35:*.dl=01;35:*.xcf=01;35:*.xwd=01;35:*.yuv=01;35:*.cgm=01;35:*.emf=01;35:*.ogv=01;35:*.ogx=01;35:*.aac=00;36:*.au=00;36:*.flac=00;36:*.m4a=00;36:*.mid=00;36:*.midi=00;36:*.mka=00;36:*.mp3=00;36:*.mpc=00;36:*.ogg=00;36:*.ra=00;36:*.wav=00;36:*.oga=00;36:*.opus=00;36:*.spx=00;36:*.xspf=00;36:', 'VSCODE_GIT_IPC_HANDLE': '/run/user/1000/vscode-git-aa4929aee5.sock', 'TERM_PROGRAM': 'vscode', 'SSH_AGENT_LAUNCHER': 'gnome-keyring', 'SSH_AUTH_SOCK': '/run/user/1000/keyring/ssh', 'AMENT_PREFIX_PATH': '/home/sirapob/TORTO_NvidiaSim/install/torto_bringup:/home/sirapob/TORTO_NvidiaSim/install/torto_sim_ctrl:/home/sirapob/TORTO_NvidiaSim/install/torto_rl_pkg:/home/sirapob/TORTO_NvidiaSim/install/torto_odometry:/home/sirapob/TORTO_NvidiaSim/install/torto_ctrl:/home/sirapob/TORTO_NvidiaSim/install/torto_interfaces:/home/sirapob/TORTO_NvidiaSim/install/torto_input_handle:/home/sirapob/TORTO_NvidiaSim/install/torto_hardware:/home/sirapob/TORTO_NvidiaSim/install/torto_description:/home/sirapob/isaacsim/isaac_ros_ws/install/reset_listener_pkg:/opt/ros/humble', 'ORIGINAL_XDG_CURRENT_DESKTOP': 'ubuntu:GNOME', 'SHELL': '/bin/bash', 'LC_NAME': 'th_TH.UTF-8', 'QT_ACCESSIBILITY': '1', 'GDMSESSION': 'ubuntu', 'LESSCLOSE': '/usr/bin/lesspipe %s %s', 'LC_MEASUREMENT': 'th_TH.UTF-8', 'GPG_AGENT_INFO': '/run/user/1000/gnupg/S.gpg-agent:0:1', 'GJS_DEBUG_OUTPUT': 'stderr', 'LC_IDENTIFICATION': 'th_TH.UTF-8', 'VSCODE_GIT_ASKPASS_EXTRA_ARGS': '', 'QT_IM_MODULE': 'ibus', 'PWD': '/home/sirapob/TORTO_NvidiaSim/build/torto_hardware', 'XDG_CONFIG_DIRS': '/etc/xdg/xdg-ubuntu:/etc/xdg', 'XDG_DATA_DIRS': '/usr/share/ubuntu:/usr/share/gnome:/usr/local/share/:/usr/share/:/var/lib/snapd/desktop', 'PYTHONPATH': '/home/sirapob/TORTO_NvidiaSim/build/torto_hardware/prefix_override:/usr/lib/python3/dist-packages/colcon_core/task/python/colcon_distutils_commands:/home/sirapob/TORTO_NvidiaSim/install/torto_hardware/lib/python3.10/site-packages:/home/sirapob/TORTO_NvidiaSim/build/torto_hardware:/home/sirapob/TORTO_NvidiaSim/install/torto_sim_ctrl/lib/python3.10/site-packages:/home/sirapob/TORTO_NvidiaSim/install/torto_rl_pkg/lib/python3.10/site-packages:/home/sirapob/TORTO_NvidiaSim/install/torto_odometry/lib/python3.10/site-packages:/home/sirapob/TORTO_NvidiaSim/install/torto_ctrl/lib/python3.10/site-packages:/home/sirapob/TORTO_NvidiaSim/install/torto_interfaces/local/lib/python3.10/dist-packages:/home/sirapob/TORTO_NvidiaSim/install/torto_input_handle/lib/python3.10/site-packages:/home/sirapob/TORTO_NvidiaSim/install/torto_hardware/lib/python3.10/site-packages:/home/sirapob/isaacsim/isaac_ros_ws/build/reset_listener_pkg:/home/sirapob/isaacsim/isaac_ros_ws/install/reset_listener_pkg/lib/python3.10/site-packages:/opt/ros/humble/lib/python3.10/site-packages:/opt/ros/humble/local/lib/python3.10/dist-packages', 'LC_NUMERIC': 'th_TH.UTF-8', 'LC_PAPER': 'th_TH.UTF-8', 'COLCON': '1', 'CMAKE_PREFIX_PATH': '/home/sirapob/TORTO_NvidiaSim/install/torto_bringup:/home/sirapob/TORTO_NvidiaSim/install/torto_interfaces:/home/sirapob/TORTO_NvidiaSim/install/torto_description'}, 'shell': False}
[6.489579] (torto_description) StdoutLine: {'line': b'-- Symlinking: /home/sirapob/TORTO_NvidiaSim/install/torto_description/share/torto_description//meshes/frame/collision_DetoidFRBL.stl\n'}
[6.505130] (torto_odometry) Command: {'cmd': ['/usr/bin/python3', '-W', 'ignore:setup.py install is deprecated', '-W', 'ignore:easy_install command is deprecated', 'setup.py', 'develop', '--editable', '--build-directory', '/home/sirapob/TORTO_NvidiaSim/build/torto_odometry/build', '--no-deps', 'symlink_data'], 'cwd': '/home/sirapob/TORTO_NvidiaSim/build/torto_odometry', 'env': {'GJS_DEBUG_TOPICS': 'JS ERROR;JS LOG', 'LESSOPEN': '| /usr/bin/lesspipe %s', 'USER': 'sirapob', 'LC_TIME': 'th_TH.UTF-8', 'XDG_SESSION_TYPE': 'x11', 'GIT_ASKPASS': '/usr/share/code/resources/app/extensions/git/dist/askpass.sh', 'SHLVL': '1', 'LD_LIBRARY_PATH': '/home/sirapob/TORTO_NvidiaSim/install/torto_interfaces/lib:/opt/ros/humble/opt/rviz_ogre_vendor/lib:/opt/ros/humble/lib/x86_64-linux-gnu:/opt/ros/humble/lib', 'HOME': '/home/sirapob', 'CHROME_DESKTOP': 'code.desktop', 'TERM_PROGRAM_VERSION': '1.97.2', 'DESKTOP_SESSION': 'ubuntu', 'GIO_LAUNCHED_DESKTOP_FILE': '/usr/share/applications/code.desktop', 'ROS_PYTHON_VERSION': '3', 'GNOME_SHELL_SESSION_MODE': 'ubuntu', 'GTK_MODULES': 'gail:atk-bridge', 'VSCODE_GIT_ASKPASS_MAIN': '/usr/share/code/resources/app/extensions/git/dist/askpass-main.js', 'LC_MONETARY': 'th_TH.UTF-8', 'VSCODE_GIT_ASKPASS_NODE': '/usr/share/code/code', 'MANAGERPID': '1796', 'PYDEVD_DISABLE_FILE_VALIDATION': '1', 'SYSTEMD_EXEC_PID': '2140', 'BUNDLED_DEBUGPY_PATH': '/home/sirapob/.vscode/extensions/ms-python.debugpy-2025.8.0-linux-x64/bundled/libs/debugpy', 'DBUS_SESSION_BUS_ADDRESS': 'unix:path=/run/user/1000/bus', 'COLORTERM': 'truecolor', 'GIO_LAUNCHED_DESKTOP_FILE_PID': '4854', 'COLCON_PREFIX_PATH': '/home/sirapob/TORTO_NvidiaSim/install:/home/sirapob/isaacsim/isaac_ros_ws/install', 'ROS_DISTRO': 'humble', 'GTK_IM_MODULE': 'ibus', 'LOGNAME': 'sirapob', 'JOURNAL_STREAM': '8:12909', '_': '/usr/bin/colcon', 'ROS_VERSION': '2', 'XDG_SESSION_CLASS': 'user', 'USERNAME': 'sirapob', 'TERM': 'xterm-256color', 'GNOME_DESKTOP_SESSION_ID': 'this-is-deprecated', 'ROS_LOCALHOST_ONLY': '0', 'WINDOWPATH': '2', 'PATH': '/home/sirapob/.local/bin:/opt/ros/humble/bin:/home/sirapob/.local/bin:/usr/local/sbin:/usr/local/bin:/usr/sbin:/usr/bin:/sbin:/bin:/usr/games:/usr/local/games:/snap/bin:/snap/bin:/home/sirapob/.vscode/extensions/ms-python.debugpy-2025.8.0-linux-x64/bundled/scripts/noConfigScripts', 'SESSION_MANAGER': 'local/sirapob-ROG-Strix-G732LXS-G742LXS:@/tmp/.ICE-unix/2113,unix/sirapob-ROG-Strix-G732LXS-G742LXS:/tmp/.ICE-unix/2113', 'INVOCATION_ID': '9188ecfe137840c68e3ba7c42310f545', 'XDG_MENU_PREFIX': 'gnome-', 'LC_ADDRESS': 'th_TH.UTF-8', 'XDG_RUNTIME_DIR': '/run/user/1000', 'GDK_BACKEND': 'x11', 'DISPLAY': ':1', 'VSCODE_DEBUGPY_ADAPTER_ENDPOINTS': '/home/sirapob/.vscode/extensions/ms-python.debugpy-2025.8.0-linux-x64/.noConfigDebugAdapterEndpoints/endpoint-08ece0a135d34187.txt', 'LANG': 'en_US.UTF-8', 'XDG_CURRENT_DESKTOP': 'Unity', 'LC_TELEPHONE': 'th_TH.UTF-8', 'XMODIFIERS': '@im=ibus', 'XDG_SESSION_DESKTOP': 'ubuntu', 'XAUTHORITY': '/run/user/1000/gdm/Xauthority', 'LS_COLORS': 'rs=0:di=01;34:ln=01;36:mh=00:pi=40;33:so=01;35:do=01;35:bd=40;33;01:cd=40;33;01:or=40;31;01:mi=00:su=37;41:sg=30;43:ca=30;41:tw=30;42:ow=34;42:st=37;44:ex=01;32:*.tar=01;31:*.tgz=01;31:*.arc=01;31:*.arj=01;31:*.taz=01;31:*.lha=01;31:*.lz4=01;31:*.lzh=01;31:*.lzma=01;31:*.tlz=01;31:*.txz=01;31:*.tzo=01;31:*.t7z=01;31:*.zip=01;31:*.z=01;31:*.dz=01;31:*.gz=01;31:*.lrz=01;31:*.lz=01;31:*.lzo=01;31:*.xz=01;31:*.zst=01;31:*.tzst=01;31:*.bz2=01;31:*.bz=01;31:*.tbz=01;31:*.tbz2=01;31:*.tz=01;31:*.deb=01;31:*.rpm=01;31:*.jar=01;31:*.war=01;31:*.ear=01;31:*.sar=01;31:*.rar=01;31:*.alz=01;31:*.ace=01;31:*.zoo=01;31:*.cpio=01;31:*.7z=01;31:*.rz=01;31:*.cab=01;31:*.wim=01;31:*.swm=01;31:*.dwm=01;31:*.esd=01;31:*.jpg=01;35:*.jpeg=01;35:*.mjpg=01;35:*.mjpeg=01;35:*.gif=01;35:*.bmp=01;35:*.pbm=01;35:*.pgm=01;35:*.ppm=01;35:*.tga=01;35:*.xbm=01;35:*.xpm=01;35:*.tif=01;35:*.tiff=01;35:*.png=01;35:*.svg=01;35:*.svgz=01;35:*.mng=01;35:*.pcx=01;35:*.mov=01;35:*.mpg=01;35:*.mpeg=01;35:*.m2v=01;35:*.mkv=01;35:*.webm=01;35:*.webp=01;35:*.ogm=01;35:*.mp4=01;35:*.m4v=01;35:*.mp4v=01;35:*.vob=01;35:*.qt=01;35:*.nuv=01;35:*.wmv=01;35:*.asf=01;35:*.rm=01;35:*.rmvb=01;35:*.flc=01;35:*.avi=01;35:*.fli=01;35:*.flv=01;35:*.gl=01;35:*.dl=01;35:*.xcf=01;35:*.xwd=01;35:*.yuv=01;35:*.cgm=01;35:*.emf=01;35:*.ogv=01;35:*.ogx=01;35:*.aac=00;36:*.au=00;36:*.flac=00;36:*.m4a=00;36:*.mid=00;36:*.midi=00;36:*.mka=00;36:*.mp3=00;36:*.mpc=00;36:*.ogg=00;36:*.ra=00;36:*.wav=00;36:*.oga=00;36:*.opus=00;36:*.spx=00;36:*.xspf=00;36:', 'VSCODE_GIT_IPC_HANDLE': '/run/user/1000/vscode-git-aa4929aee5.sock', 'TERM_PROGRAM': 'vscode', 'SSH_AGENT_LAUNCHER': 'gnome-keyring', 'SSH_AUTH_SOCK': '/run/user/1000/keyring/ssh', 'AMENT_PREFIX_PATH': '/home/sirapob/TORTO_NvidiaSim/install/torto_bringup:/home/sirapob/TORTO_NvidiaSim/install/torto_sim_ctrl:/home/sirapob/TORTO_NvidiaSim/install/torto_rl_pkg:/home/sirapob/TORTO_NvidiaSim/install/torto_odometry:/home/sirapob/TORTO_NvidiaSim/install/torto_ctrl:/home/sirapob/TORTO_NvidiaSim/install/torto_interfaces:/home/sirapob/TORTO_NvidiaSim/install/torto_input_handle:/home/sirapob/TORTO_NvidiaSim/install/torto_hardware:/home/sirapob/TORTO_NvidiaSim/install/torto_description:/home/sirapob/isaacsim/isaac_ros_ws/install/reset_listener_pkg:/opt/ros/humble', 'ORIGINAL_XDG_CURRENT_DESKTOP': 'ubuntu:GNOME', 'SHELL': '/bin/bash', 'LC_NAME': 'th_TH.UTF-8', 'QT_ACCESSIBILITY': '1', 'GDMSESSION': 'ubuntu', 'LESSCLOSE': '/usr/bin/lesspipe %s %s', 'LC_MEASUREMENT': 'th_TH.UTF-8', 'GPG_AGENT_INFO': '/run/user/1000/gnupg/S.gpg-agent:0:1', 'GJS_DEBUG_OUTPUT': 'stderr', 'LC_IDENTIFICATION': 'th_TH.UTF-8', 'VSCODE_GIT_ASKPASS_EXTRA_ARGS': '', 'QT_IM_MODULE': 'ibus', 'PWD': '/home/sirapob/TORTO_NvidiaSim/build/torto_odometry', 'XDG_CONFIG_DIRS': '/etc/xdg/xdg-ubuntu:/etc/xdg', 'XDG_DATA_DIRS': '/usr/share/ubuntu:/usr/share/gnome:/usr/local/share/:/usr/share/:/var/lib/snapd/desktop', 'PYTHONPATH': '/home/sirapob/TORTO_NvidiaSim/build/torto_odometry/prefix_override:/usr/lib/python3/dist-packages/colcon_core/task/python/colcon_distutils_commands:/home/sirapob/TORTO_NvidiaSim/install/torto_odometry/lib/python3.10/site-packages:/home/sirapob/TORTO_NvidiaSim/build/torto_hardware:/home/sirapob/TORTO_NvidiaSim/install/torto_sim_ctrl/lib/python3.10/site-packages:/home/sirapob/TORTO_NvidiaSim/install/torto_rl_pkg/lib/python3.10/site-packages:/home/sirapob/TORTO_NvidiaSim/install/torto_odometry/lib/python3.10/site-packages:/home/sirapob/TORTO_NvidiaSim/install/torto_ctrl/lib/python3.10/site-packages:/home/sirapob/TORTO_NvidiaSim/install/torto_interfaces/local/lib/python3.10/dist-packages:/home/sirapob/TORTO_NvidiaSim/install/torto_input_handle/lib/python3.10/site-packages:/home/sirapob/TORTO_NvidiaSim/install/torto_hardware/lib/python3.10/site-packages:/home/sirapob/isaacsim/isaac_ros_ws/build/reset_listener_pkg:/home/sirapob/isaacsim/isaac_ros_ws/install/reset_listener_pkg/lib/python3.10/site-packages:/opt/ros/humble/lib/python3.10/site-packages:/opt/ros/humble/local/lib/python3.10/dist-packages', 'LC_NUMERIC': 'th_TH.UTF-8', 'LC_PAPER': 'th_TH.UTF-8', 'COLCON': '1', 'CMAKE_PREFIX_PATH': '/home/sirapob/TORTO_NvidiaSim/install/torto_bringup:/home/sirapob/TORTO_NvidiaSim/install/torto_interfaces:/home/sirapob/TORTO_NvidiaSim/install/torto_description'}, 'shell': False}
[6.515352] (torto_interfaces) StdoutLine: {'line': b'[  4%] Built target ament_cmake_python_build_torto_interfaces_egg\n'}
[6.515926] (torto_rl_pkg) Command: {'cmd': ['/usr/bin/python3', '-W', 'ignore:setup.py install is deprecated', '-W', 'ignore:easy_install command is deprecated', 'setup.py', 'develop', '--editable', '--build-directory', '/home/sirapob/TORTO_NvidiaSim/build/torto_rl_pkg/build', '--no-deps', 'symlink_data'], 'cwd': '/home/sirapob/TORTO_NvidiaSim/build/torto_rl_pkg', 'env': {'GJS_DEBUG_TOPICS': 'JS ERROR;JS LOG', 'LESSOPEN': '| /usr/bin/lesspipe %s', 'USER': 'sirapob', 'LC_TIME': 'th_TH.UTF-8', 'XDG_SESSION_TYPE': 'x11', 'GIT_ASKPASS': '/usr/share/code/resources/app/extensions/git/dist/askpass.sh', 'SHLVL': '1', 'LD_LIBRARY_PATH': '/home/sirapob/TORTO_NvidiaSim/install/torto_interfaces/lib:/opt/ros/humble/opt/rviz_ogre_vendor/lib:/opt/ros/humble/lib/x86_64-linux-gnu:/opt/ros/humble/lib', 'HOME': '/home/sirapob', 'CHROME_DESKTOP': 'code.desktop', 'TERM_PROGRAM_VERSION': '1.97.2', 'DESKTOP_SESSION': 'ubuntu', 'GIO_LAUNCHED_DESKTOP_FILE': '/usr/share/applications/code.desktop', 'ROS_PYTHON_VERSION': '3', 'GNOME_SHELL_SESSION_MODE': 'ubuntu', 'GTK_MODULES': 'gail:atk-bridge', 'VSCODE_GIT_ASKPASS_MAIN': '/usr/share/code/resources/app/extensions/git/dist/askpass-main.js', 'LC_MONETARY': 'th_TH.UTF-8', 'VSCODE_GIT_ASKPASS_NODE': '/usr/share/code/code', 'MANAGERPID': '1796', 'PYDEVD_DISABLE_FILE_VALIDATION': '1', 'SYSTEMD_EXEC_PID': '2140', 'BUNDLED_DEBUGPY_PATH': '/home/sirapob/.vscode/extensions/ms-python.debugpy-2025.8.0-linux-x64/bundled/libs/debugpy', 'DBUS_SESSION_BUS_ADDRESS': 'unix:path=/run/user/1000/bus', 'COLORTERM': 'truecolor', 'GIO_LAUNCHED_DESKTOP_FILE_PID': '4854', 'COLCON_PREFIX_PATH': '/home/sirapob/TORTO_NvidiaSim/install:/home/sirapob/isaacsim/isaac_ros_ws/install', 'ROS_DISTRO': 'humble', 'GTK_IM_MODULE': 'ibus', 'LOGNAME': 'sirapob', 'JOURNAL_STREAM': '8:12909', '_': '/usr/bin/colcon', 'ROS_VERSION': '2', 'XDG_SESSION_CLASS': 'user', 'USERNAME': 'sirapob', 'TERM': 'xterm-256color', 'GNOME_DESKTOP_SESSION_ID': 'this-is-deprecated', 'ROS_LOCALHOST_ONLY': '0', 'WINDOWPATH': '2', 'PATH': '/home/sirapob/.local/bin:/opt/ros/humble/bin:/home/sirapob/.local/bin:/usr/local/sbin:/usr/local/bin:/usr/sbin:/usr/bin:/sbin:/bin:/usr/games:/usr/local/games:/snap/bin:/snap/bin:/home/sirapob/.vscode/extensions/ms-python.debugpy-2025.8.0-linux-x64/bundled/scripts/noConfigScripts', 'SESSION_MANAGER': 'local/sirapob-ROG-Strix-G732LXS-G742LXS:@/tmp/.ICE-unix/2113,unix/sirapob-ROG-Strix-G732LXS-G742LXS:/tmp/.ICE-unix/2113', 'INVOCATION_ID': '9188ecfe137840c68e3ba7c42310f545', 'XDG_MENU_PREFIX': 'gnome-', 'LC_ADDRESS': 'th_TH.UTF-8', 'XDG_RUNTIME_DIR': '/run/user/1000', 'GDK_BACKEND': 'x11', 'DISPLAY': ':1', 'VSCODE_DEBUGPY_ADAPTER_ENDPOINTS': '/home/sirapob/.vscode/extensions/ms-python.debugpy-2025.8.0-linux-x64/.noConfigDebugAdapterEndpoints/endpoint-08ece0a135d34187.txt', 'LANG': 'en_US.UTF-8', 'XDG_CURRENT_DESKTOP': 'Unity', 'LC_TELEPHONE': 'th_TH.UTF-8', 'XMODIFIERS': '@im=ibus', 'XDG_SESSION_DESKTOP': 'ubuntu', 'XAUTHORITY': '/run/user/1000/gdm/Xauthority', 'LS_COLORS': 'rs=0:di=01;34:ln=01;36:mh=00:pi=40;33:so=01;35:do=01;35:bd=40;33;01:cd=40;33;01:or=40;31;01:mi=00:su=37;41:sg=30;43:ca=30;41:tw=30;42:ow=34;42:st=37;44:ex=01;32:*.tar=01;31:*.tgz=01;31:*.arc=01;31:*.arj=01;31:*.taz=01;31:*.lha=01;31:*.lz4=01;31:*.lzh=01;31:*.lzma=01;31:*.tlz=01;31:*.txz=01;31:*.tzo=01;31:*.t7z=01;31:*.zip=01;31:*.z=01;31:*.dz=01;31:*.gz=01;31:*.lrz=01;31:*.lz=01;31:*.lzo=01;31:*.xz=01;31:*.zst=01;31:*.tzst=01;31:*.bz2=01;31:*.bz=01;31:*.tbz=01;31:*.tbz2=01;31:*.tz=01;31:*.deb=01;31:*.rpm=01;31:*.jar=01;31:*.war=01;31:*.ear=01;31:*.sar=01;31:*.rar=01;31:*.alz=01;31:*.ace=01;31:*.zoo=01;31:*.cpio=01;31:*.7z=01;31:*.rz=01;31:*.cab=01;31:*.wim=01;31:*.swm=01;31:*.dwm=01;31:*.esd=01;31:*.jpg=01;35:*.jpeg=01;35:*.mjpg=01;35:*.mjpeg=01;35:*.gif=01;35:*.bmp=01;35:*.pbm=01;35:*.pgm=01;35:*.ppm=01;35:*.tga=01;35:*.xbm=01;35:*.xpm=01;35:*.tif=01;35:*.tiff=01;35:*.png=01;35:*.svg=01;35:*.svgz=01;35:*.mng=01;35:*.pcx=01;35:*.mov=01;35:*.mpg=01;35:*.mpeg=01;35:*.m2v=01;35:*.mkv=01;35:*.webm=01;35:*.webp=01;35:*.ogm=01;35:*.mp4=01;35:*.m4v=01;35:*.mp4v=01;35:*.vob=01;35:*.qt=01;35:*.nuv=01;35:*.wmv=01;35:*.asf=01;35:*.rm=01;35:*.rmvb=01;35:*.flc=01;35:*.avi=01;35:*.fli=01;35:*.flv=01;35:*.gl=01;35:*.dl=01;35:*.xcf=01;35:*.xwd=01;35:*.yuv=01;35:*.cgm=01;35:*.emf=01;35:*.ogv=01;35:*.ogx=01;35:*.aac=00;36:*.au=00;36:*.flac=00;36:*.m4a=00;36:*.mid=00;36:*.midi=00;36:*.mka=00;36:*.mp3=00;36:*.mpc=00;36:*.ogg=00;36:*.ra=00;36:*.wav=00;36:*.oga=00;36:*.opus=00;36:*.spx=00;36:*.xspf=00;36:', 'VSCODE_GIT_IPC_HANDLE': '/run/user/1000/vscode-git-aa4929aee5.sock', 'TERM_PROGRAM': 'vscode', 'SSH_AGENT_LAUNCHER': 'gnome-keyring', 'SSH_AUTH_SOCK': '/run/user/1000/keyring/ssh', 'AMENT_PREFIX_PATH': '/home/sirapob/TORTO_NvidiaSim/install/torto_bringup:/home/sirapob/TORTO_NvidiaSim/install/torto_sim_ctrl:/home/sirapob/TORTO_NvidiaSim/install/torto_rl_pkg:/home/sirapob/TORTO_NvidiaSim/install/torto_odometry:/home/sirapob/TORTO_NvidiaSim/install/torto_ctrl:/home/sirapob/TORTO_NvidiaSim/install/torto_interfaces:/home/sirapob/TORTO_NvidiaSim/install/torto_input_handle:/home/sirapob/TORTO_NvidiaSim/install/torto_hardware:/home/sirapob/TORTO_NvidiaSim/install/torto_description:/home/sirapob/isaacsim/isaac_ros_ws/install/reset_listener_pkg:/opt/ros/humble', 'ORIGINAL_XDG_CURRENT_DESKTOP': 'ubuntu:GNOME', 'SHELL': '/bin/bash', 'LC_NAME': 'th_TH.UTF-8', 'QT_ACCESSIBILITY': '1', 'GDMSESSION': 'ubuntu', 'LESSCLOSE': '/usr/bin/lesspipe %s %s', 'LC_MEASUREMENT': 'th_TH.UTF-8', 'GPG_AGENT_INFO': '/run/user/1000/gnupg/S.gpg-agent:0:1', 'GJS_DEBUG_OUTPUT': 'stderr', 'LC_IDENTIFICATION': 'th_TH.UTF-8', 'VSCODE_GIT_ASKPASS_EXTRA_ARGS': '', 'QT_IM_MODULE': 'ibus', 'PWD': '/home/sirapob/TORTO_NvidiaSim/build/torto_rl_pkg', 'XDG_CONFIG_DIRS': '/etc/xdg/xdg-ubuntu:/etc/xdg', 'XDG_DATA_DIRS': '/usr/share/ubuntu:/usr/share/gnome:/usr/local/share/:/usr/share/:/var/lib/snapd/desktop', 'PYTHONPATH': '/home/sirapob/TORTO_NvidiaSim/build/torto_rl_pkg/prefix_override:/usr/lib/python3/dist-packages/colcon_core/task/python/colcon_distutils_commands:/home/sirapob/TORTO_NvidiaSim/install/torto_rl_pkg/lib/python3.10/site-packages:/home/sirapob/TORTO_NvidiaSim/build/torto_hardware:/home/sirapob/TORTO_NvidiaSim/install/torto_sim_ctrl/lib/python3.10/site-packages:/home/sirapob/TORTO_NvidiaSim/install/torto_rl_pkg/lib/python3.10/site-packages:/home/sirapob/TORTO_NvidiaSim/install/torto_odometry/lib/python3.10/site-packages:/home/sirapob/TORTO_NvidiaSim/install/torto_ctrl/lib/python3.10/site-packages:/home/sirapob/TORTO_NvidiaSim/install/torto_interfaces/local/lib/python3.10/dist-packages:/home/sirapob/TORTO_NvidiaSim/install/torto_input_handle/lib/python3.10/site-packages:/home/sirapob/TORTO_NvidiaSim/install/torto_hardware/lib/python3.10/site-packages:/home/sirapob/isaacsim/isaac_ros_ws/build/reset_listener_pkg:/home/sirapob/isaacsim/isaac_ros_ws/install/reset_listener_pkg/lib/python3.10/site-packages:/opt/ros/humble/lib/python3.10/site-packages:/opt/ros/humble/local/lib/python3.10/dist-packages', 'LC_NUMERIC': 'th_TH.UTF-8', 'LC_PAPER': 'th_TH.UTF-8', 'COLCON': '1', 'CMAKE_PREFIX_PATH': '/home/sirapob/TORTO_NvidiaSim/install/torto_bringup:/home/sirapob/TORTO_NvidiaSim/install/torto_interfaces:/home/sirapob/TORTO_NvidiaSim/install/torto_description'}, 'shell': False}
[6.526693] (torto_description) StdoutLine: {'line': b'-- Symlinking: /home/sirapob/TORTO_NvidiaSim/install/torto_description/share/torto_description//meshes/frame/collision_FemurFLBR.stl\n'}
[6.556746] (torto_description) StdoutLine: {'line': b'-- Symlinking: /home/sirapob/TORTO_NvidiaSim/install/torto_description/share/torto_description//meshes/frame/collision_FemurFRBL.stl\n'}
[6.566207] (-) TimerEvent: {}
[6.589255] (torto_description) StdoutLine: {'line': b'-- Symlinking: /home/sirapob/TORTO_NvidiaSim/install/torto_description/share/torto_description//meshes/frame/collision_TibiaFLBR.stl\n'}
[6.621703] (torto_description) StdoutLine: {'line': b'-- Symlinking: /home/sirapob/TORTO_NvidiaSim/install/torto_description/share/torto_description//meshes/frame/collision_TibiaFRBL.stl\n'}
[6.666595] (-) TimerEvent: {}
[6.670756] (torto_description) StdoutLine: {'line': b'-- Symlinking: /home/sirapob/TORTO_NvidiaSim/install/torto_description/share/torto_description//meshes/frame/torto_Body.stl\n'}
[6.708024] (torto_description) StdoutLine: {'line': b'-- Symlinking: /home/sirapob/TORTO_NvidiaSim/install/torto_description/share/torto_description//meshes/frame/torto_Body.usd\n'}
[6.744662] (torto_description) StdoutLine: {'line': b'-- Symlinking: /home/sirapob/TORTO_NvidiaSim/install/torto_description/share/torto_description//meshes/frame/torto_detoid_FLBR.stl\n'}
[6.767344] (-) TimerEvent: {}
[6.785059] (torto_description) StdoutLine: {'line': b'-- Symlinking: /home/sirapob/TORTO_NvidiaSim/install/torto_description/share/torto_description//meshes/frame/torto_detoid_FRBL.stl\n'}
[6.824893] (torto_description) StdoutLine: {'line': b'-- Symlinking: /home/sirapob/TORTO_NvidiaSim/install/torto_description/share/torto_description//meshes/frame/torto_femur_FLBR.stl\n'}
[6.863428] (torto_description) StdoutLine: {'line': b'-- Symlinking: /home/sirapob/TORTO_NvidiaSim/install/torto_description/share/torto_description//meshes/frame/torto_femur_FRBL.stl\n'}
[6.867512] (-) TimerEvent: {}
[6.898472] (torto_description) StdoutLine: {'line': b'-- Symlinking: /home/sirapob/TORTO_NvidiaSim/install/torto_description/share/torto_description//meshes/frame/torto_hamquad_FLBR.stl\n'}
[6.926149] (torto_description) StdoutLine: {'line': b'-- Symlinking: /home/sirapob/TORTO_NvidiaSim/install/torto_description/share/torto_description//meshes/frame/torto_hamquad_FRBL.stl\n'}
[6.953944] (torto_description) StdoutLine: {'line': b'-- Symlinking: /home/sirapob/TORTO_NvidiaSim/install/torto_description/share/torto_description//meshes/frame/torto_hip_FLBR.stl\n'}
[6.967694] (-) TimerEvent: {}
[6.984269] (torto_description) StdoutLine: {'line': b'-- Symlinking: /home/sirapob/TORTO_NvidiaSim/install/torto_description/share/torto_description//meshes/frame/torto_hip_FRBL.stl\n'}
[7.014816] (torto_description) StdoutLine: {'line': b'-- Symlinking: /home/sirapob/TORTO_NvidiaSim/install/torto_description/share/torto_description//meshes/frame/torto_servo_arm.stl\n'}
[7.057118] (torto_description) StdoutLine: {'line': b'-- Symlinking: /home/sirapob/TORTO_NvidiaSim/install/torto_description/share/torto_description//meshes/frame/torto_tibia_FLBR.stl\n'}
[7.067813] (-) TimerEvent: {}
[7.093935] (torto_description) StdoutLine: {'line': b'-- Symlinking: /home/sirapob/TORTO_NvidiaSim/install/torto_description/share/torto_description//meshes/frame/torto_tibia_FRBL.stl\n'}
[7.131600] (torto_description) StdoutLine: {'line': b'-- Symlinking: /home/sirapob/TORTO_NvidiaSim/install/torto_description/share/torto_description//meshes/sensors/torto_MPU6050.stl\n'}
[7.170769] (-) TimerEvent: {}
[7.181085] (torto_description) StdoutLine: {'line': b'-- Symlinking: /home/sirapob/TORTO_NvidiaSim/install/torto_description/share/torto_description//meshes/sensors/torto_YDLidarX3.stl\n'}
[7.220850] (torto_description) StdoutLine: {'line': b'-- Symlinking: /home/sirapob/TORTO_NvidiaSim/install/torto_description/share/torto_description//rviz/urdf_config.rviz\n'}
[7.267116] (torto_description) StdoutLine: {'line': b'-- Symlinking: /home/sirapob/TORTO_NvidiaSim/install/torto_description/share/ament_index/resource_index/package_run_dependencies/torto_description\n'}
[7.276696] (-) TimerEvent: {}
[7.330479] (torto_description) StdoutLine: {'line': b'-- Symlinking: /home/sirapob/TORTO_NvidiaSim/install/torto_description/share/ament_index/resource_index/parent_prefix_path/torto_description\n'}
[7.367917] (torto_interfaces) StdoutLine: {'line': b'[  4%] Built target torto_interfaces__cpp\n'}
[7.371870] (torto_description) StdoutLine: {'line': b'-- Symlinking: /home/sirapob/TORTO_NvidiaSim/install/torto_description/share/torto_description/environment/ament_prefix_path.sh\n'}
[7.378749] (-) TimerEvent: {}
[7.411239] (torto_description) StdoutLine: {'line': b'-- Symlinking: /home/sirapob/TORTO_NvidiaSim/install/torto_description/share/torto_description/environment/ament_prefix_path.dsv\n'}
[7.416072] (torto_interfaces) StdoutLine: {'line': b'[  6%] \x1b[34m\x1b[1mGenerating C++ type support dispatch for ROS interfaces\x1b[0m\n'}
[7.419975] (torto_interfaces) StdoutLine: {'line': b'[  8%] \x1b[34m\x1b[1mGenerating C++ type support for eProsima Fast-RTPS\x1b[0m\n'}
[7.434930] (torto_interfaces) StdoutLine: {'line': b'[ 10%] \x1b[34m\x1b[1mGenerating C++ introspection for ROS interfaces\x1b[0m\n'}
[7.455021] (torto_description) StdoutLine: {'line': b'-- Symlinking: /home/sirapob/TORTO_NvidiaSim/install/torto_description/share/torto_description/environment/path.sh\n'}
[7.480677] (-) TimerEvent: {}
[7.488791] (torto_description) StdoutLine: {'line': b'-- Symlinking: /home/sirapob/TORTO_NvidiaSim/install/torto_description/share/torto_description/environment/path.dsv\n'}
[7.551501] (torto_description) StdoutLine: {'line': b'-- Symlinking: /home/sirapob/TORTO_NvidiaSim/install/torto_description/share/torto_description/local_setup.bash\n'}
[7.580629] (torto_description) StdoutLine: {'line': b'-- Symlinking: /home/sirapob/TORTO_NvidiaSim/install/torto_description/share/torto_description/local_setup.sh\n'}
[7.581137] (-) TimerEvent: {}
[7.622945] (torto_interfaces) StdoutLine: {'line': b'[ 12%] \x1b[32mBuilding C object CMakeFiles/torto_interfaces__rosidl_generator_c.dir/rosidl_generator_c/torto_interfaces/msg/detail/torto_joint_angles__functions.c.o\x1b[0m\n'}
[7.635198] (torto_description) StdoutLine: {'line': b'-- Symlinking: /home/sirapob/TORTO_NvidiaSim/install/torto_description/share/torto_description/local_setup.zsh\n'}
[7.636847] (torto_interfaces) StdoutLine: {'line': b'[ 14%] \x1b[32mBuilding C object CMakeFiles/torto_interfaces__rosidl_generator_c.dir/rosidl_generator_c/torto_interfaces/msg/detail/torto_ctrl_params__functions.c.o\x1b[0m\n'}
[7.643266] (torto_interfaces) StdoutLine: {'line': b'[ 17%] \x1b[32mBuilding C object CMakeFiles/torto_interfaces__rosidl_generator_c.dir/rosidl_generator_c/torto_interfaces/msg/detail/torto_sim_reset__functions.c.o\x1b[0m\n'}
[7.681331] (-) TimerEvent: {}
[7.682161] (torto_description) StdoutLine: {'line': b'-- Symlinking: /home/sirapob/TORTO_NvidiaSim/install/torto_description/share/torto_description/local_setup.dsv\n'}
[7.722754] (torto_description) StdoutLine: {'line': b'-- Symlinking: /home/sirapob/TORTO_NvidiaSim/install/torto_description/share/torto_description/package.dsv\n'}
[7.759383] (torto_description) StdoutLine: {'line': b'-- Symlinking: /home/sirapob/TORTO_NvidiaSim/install/torto_description/share/ament_index/resource_index/packages/torto_description\n'}
[7.782762] (-) TimerEvent: {}
[7.794047] (torto_description) StdoutLine: {'line': b'-- Symlinking: /home/sirapob/TORTO_NvidiaSim/install/torto_description/share/torto_description/cmake/torto_descriptionConfig.cmake\n'}
[7.835275] (torto_description) StdoutLine: {'line': b'-- Symlinking: /home/sirapob/TORTO_NvidiaSim/install/torto_description/share/torto_description/cmake/torto_descriptionConfig-version.cmake\n'}
[7.874221] (torto_description) StdoutLine: {'line': b'-- Symlinking: /home/sirapob/TORTO_NvidiaSim/install/torto_description/share/torto_description/package.xml\n'}
[7.877361] (torto_input_handle) StdoutLine: {'line': b'running develop\n'}
[7.883156] (-) TimerEvent: {}
[7.895349] (torto_hardware) StdoutLine: {'line': b'running develop\n'}
[7.921210] (torto_description) CommandEnded: {'returncode': 0}
[7.952976] (torto_sim_ctrl) StdoutLine: {'line': b'running develop\n'}
[7.980971] (torto_interfaces) StdoutLine: {'line': b'[ 19%] \x1b[32m\x1b[1mLinking C shared library libtorto_interfaces__rosidl_generator_c.so\x1b[0m\n'}
[7.983357] (-) TimerEvent: {}
[8.002841] (torto_description) JobEnded: {'identifier': 'torto_description', 'rc': 0}
[8.023943] (torto_odometry) StdoutLine: {'line': b'running develop\n'}
[8.036025] (torto_rl_pkg) StdoutLine: {'line': b'running develop\n'}
[8.083530] (-) TimerEvent: {}
[8.170670] (torto_interfaces) StdoutLine: {'line': b'[ 19%] Built target torto_interfaces__rosidl_generator_c\n'}
[8.186053] (-) TimerEvent: {}
[8.214778] (torto_interfaces) StdoutLine: {'line': b'[ 21%] \x1b[34m\x1b[1mGenerating C type support for eProsima Fast-RTPS\x1b[0m\n'}
[8.215332] (torto_interfaces) StdoutLine: {'line': b'[ 23%] \x1b[34m\x1b[1mGenerating C introspection for ROS interfaces\x1b[0m\n'}
[8.216983] (torto_interfaces) StdoutLine: {'line': b'[ 25%] \x1b[34m\x1b[1mGenerating C type support dispatch for ROS interfaces\x1b[0m\n'}
[8.285803] (-) TimerEvent: {}
[8.388820] (-) TimerEvent: {}
[8.491813] (-) TimerEvent: {}
[8.592635] (-) TimerEvent: {}
[8.696774] (-) TimerEvent: {}
[8.797563] (-) TimerEvent: {}
[8.877863] (torto_hardware) StdoutLine: {'line': b'running egg_info\n'}
[8.879066] (torto_hardware) StdoutLine: {'line': b'creating torto_hardware.egg-info\n'}
[8.879779] (torto_hardware) StdoutLine: {'line': b'writing torto_hardware.egg-info/PKG-INFO\n'}
[8.882538] (torto_hardware) StdoutLine: {'line': b'writing dependency_links to torto_hardware.egg-info/dependency_links.txt\n'}
[8.886937] (torto_hardware) StdoutLine: {'line': b'writing entry points to torto_hardware.egg-info/entry_points.txt\n'}
[8.887475] (torto_hardware) StdoutLine: {'line': b'writing requirements to torto_hardware.egg-info/requires.txt\n'}
[8.889923] (torto_input_handle) StdoutLine: {'line': b'running egg_info\n'}
[8.890429] (torto_input_handle) StdoutLine: {'line': b'creating torto_input_handle.egg-info\n'}
[8.891046] (torto_input_handle) StdoutLine: {'line': b'writing torto_input_handle.egg-info/PKG-INFO\n'}
[8.891602] (torto_input_handle) StdoutLine: {'line': b'writing dependency_links to torto_input_handle.egg-info/dependency_links.txt\n'}
[8.892024] (torto_input_handle) StdoutLine: {'line': b'writing entry points to torto_input_handle.egg-info/entry_points.txt\n'}
[8.892399] (torto_input_handle) StdoutLine: {'line': b'writing requirements to torto_input_handle.egg-info/requires.txt\n'}
[8.892786] (torto_input_handle) StdoutLine: {'line': b'writing top-level names to torto_input_handle.egg-info/top_level.txt\n'}
[8.893161] (torto_hardware) StdoutLine: {'line': b'writing top-level names to torto_hardware.egg-info/top_level.txt\n'}
[8.902626] (-) TimerEvent: {}
[8.904004] (torto_input_handle) StdoutLine: {'line': b"writing manifest file 'torto_input_handle.egg-info/SOURCES.txt'\n"}
[8.904487] (torto_hardware) StdoutLine: {'line': b"writing manifest file 'torto_hardware.egg-info/SOURCES.txt'\n"}
[8.904905] (torto_input_handle) StdoutLine: {'line': b"reading manifest file 'torto_input_handle.egg-info/SOURCES.txt'\n"}
[8.905287] (torto_input_handle) StdoutLine: {'line': b"writing manifest file 'torto_input_handle.egg-info/SOURCES.txt'\n"}
[8.905792] (torto_hardware) StdoutLine: {'line': b"reading manifest file 'torto_hardware.egg-info/SOURCES.txt'\n"}
[8.908967] (torto_hardware) StdoutLine: {'line': b"writing manifest file 'torto_hardware.egg-info/SOURCES.txt'\n"}
[8.909457] (torto_input_handle) StdoutLine: {'line': b'running build_ext\n'}
[8.910429] (torto_input_handle) StdoutLine: {'line': b'Creating /home/sirapob/TORTO_NvidiaSim/install/torto_input_handle/lib/python3.10/site-packages/torto-input-handle.egg-link (link to .)\n'}
[8.914254] (torto_sim_ctrl) StdoutLine: {'line': b'running egg_info\n'}
[8.922259] (torto_input_handle) StdoutLine: {'line': b'Installing ps5_ctrl_params_node script to /home/sirapob/TORTO_NvidiaSim/install/torto_input_handle/lib/torto_input_handle\n'}
[8.922748] (torto_sim_ctrl) StdoutLine: {'line': b'creating torto_sim_ctrl.egg-info\n'}
[8.923188] (torto_input_handle) StdoutLine: {'line': b'\n'}
[8.923584] (torto_sim_ctrl) StdoutLine: {'line': b'writing torto_sim_ctrl.egg-info/PKG-INFO\n'}
[8.923962] (torto_hardware) StdoutLine: {'line': b'running build_ext\n'}
[8.924328] (torto_sim_ctrl) StdoutLine: {'line': b'writing dependency_links to torto_sim_ctrl.egg-info/dependency_links.txt\n'}
[8.924712] (torto_sim_ctrl) StdoutLine: {'line': b'writing entry points to torto_sim_ctrl.egg-info/entry_points.txt\n'}
[8.929366] (torto_sim_ctrl) StdoutLine: {'line': b'writing requirements to torto_sim_ctrl.egg-info/requires.txt\n'}
[8.929934] (torto_sim_ctrl) StdoutLine: {'line': b'writing top-level names to torto_sim_ctrl.egg-info/top_level.txt\n'}
[8.930317] (torto_sim_ctrl) StdoutLine: {'line': b"writing manifest file 'torto_sim_ctrl.egg-info/SOURCES.txt'\n"}
[8.930708] (torto_input_handle) StdoutLine: {'line': b'Installed /home/sirapob/TORTO_NvidiaSim/build/torto_input_handle\n'}
[8.931092] (torto_input_handle) StdoutLine: {'line': b'running symlink_data\n'}
[8.931431] (torto_input_handle) StdoutLine: {'line': b'creating /home/sirapob/TORTO_NvidiaSim/install/torto_input_handle/share/ament_index\n'}
[8.931810] (torto_input_handle) StdoutLine: {'line': b'creating /home/sirapob/TORTO_NvidiaSim/install/torto_input_handle/share/ament_index/resource_index\n'}
[8.932188] (torto_input_handle) StdoutLine: {'line': b'creating /home/sirapob/TORTO_NvidiaSim/install/torto_input_handle/share/ament_index/resource_index/packages\n'}
[8.932537] (torto_input_handle) StdoutLine: {'line': b'symbolically linking /home/sirapob/TORTO_NvidiaSim/build/torto_input_handle/resource/torto_input_handle -> /home/sirapob/TORTO_NvidiaSim/install/torto_input_handle/share/ament_index/resource_index/packages\n'}
[8.933207] (torto_input_handle) StdoutLine: {'line': b'symbolically linking /home/sirapob/TORTO_NvidiaSim/build/torto_input_handle/package.xml -> /home/sirapob/TORTO_NvidiaSim/install/torto_input_handle/share/torto_input_handle\n'}
[8.933600] (torto_hardware) StdoutLine: {'line': b'Creating /home/sirapob/TORTO_NvidiaSim/install/torto_hardware/lib/python3.10/site-packages/torto-hardware.egg-link (link to .)\n'}
[8.936396] (torto_sim_ctrl) StdoutLine: {'line': b"reading manifest file 'torto_sim_ctrl.egg-info/SOURCES.txt'\n"}
[8.937008] (torto_hardware) StdoutLine: {'line': b'Installing arduino_serial_node script to /home/sirapob/TORTO_NvidiaSim/install/torto_hardware/lib/torto_hardware\n'}
[8.938014] (torto_sim_ctrl) StdoutLine: {'line': b"writing manifest file 'torto_sim_ctrl.egg-info/SOURCES.txt'\n"}
[8.938405] (torto_hardware) StdoutLine: {'line': b'Installing lidar_scan2cloud_node script to /home/sirapob/TORTO_NvidiaSim/install/torto_hardware/lib/torto_hardware\n'}
[8.938960] (torto_hardware) StdoutLine: {'line': b'\n'}
[8.939326] (torto_hardware) StdoutLine: {'line': b'Installed /home/sirapob/TORTO_NvidiaSim/build/torto_hardware\n'}
[8.939693] (torto_hardware) StdoutLine: {'line': b'running symlink_data\n'}
[8.940079] (torto_hardware) StdoutLine: {'line': b'creating /home/sirapob/TORTO_NvidiaSim/install/torto_hardware/share/ament_index\n'}
[8.940443] (torto_hardware) StdoutLine: {'line': b'creating /home/sirapob/TORTO_NvidiaSim/install/torto_hardware/share/ament_index/resource_index\n'}
[8.940831] (torto_hardware) StdoutLine: {'line': b'creating /home/sirapob/TORTO_NvidiaSim/install/torto_hardware/share/ament_index/resource_index/packages\n'}
[8.941209] (torto_hardware) StdoutLine: {'line': b'symbolically linking /home/sirapob/TORTO_NvidiaSim/build/torto_hardware/resource/torto_hardware -> /home/sirapob/TORTO_NvidiaSim/install/torto_hardware/share/ament_index/resource_index/packages\n'}
[8.941567] (torto_sim_ctrl) StdoutLine: {'line': b'running build_ext\n'}
[8.941970] (torto_hardware) StdoutLine: {'line': b'symbolically linking /home/sirapob/TORTO_NvidiaSim/build/torto_hardware/package.xml -> /home/sirapob/TORTO_NvidiaSim/install/torto_hardware/share/torto_hardware\n'}
[8.942403] (torto_sim_ctrl) StdoutLine: {'line': b'Creating /home/sirapob/TORTO_NvidiaSim/install/torto_sim_ctrl/lib/python3.10/site-packages/torto-sim-ctrl.egg-link (link to .)\n'}
[8.942944] (torto_sim_ctrl) StdoutLine: {'line': b'Installing angles_to_joint_state script to /home/sirapob/TORTO_NvidiaSim/install/torto_sim_ctrl/lib/torto_sim_ctrl\n'}
[8.943495] (torto_sim_ctrl) StdoutLine: {'line': b'\n'}
[8.944071] (torto_sim_ctrl) StdoutLine: {'line': b'Installed /home/sirapob/TORTO_NvidiaSim/build/torto_sim_ctrl\n'}
[8.949248] (torto_sim_ctrl) StdoutLine: {'line': b'running symlink_data\n'}
[8.949686] (torto_sim_ctrl) StdoutLine: {'line': b'creating /home/sirapob/TORTO_NvidiaSim/install/torto_sim_ctrl/share/ament_index\n'}
[8.953294] (torto_sim_ctrl) StdoutLine: {'line': b'creating /home/sirapob/TORTO_NvidiaSim/install/torto_sim_ctrl/share/ament_index/resource_index\n'}
[8.953807] (torto_sim_ctrl) StdoutLine: {'line': b'creating /home/sirapob/TORTO_NvidiaSim/install/torto_sim_ctrl/share/ament_index/resource_index/packages\n'}
[8.957249] (torto_sim_ctrl) StdoutLine: {'line': b'symbolically linking /home/sirapob/TORTO_NvidiaSim/build/torto_sim_ctrl/resource/torto_sim_ctrl -> /home/sirapob/TORTO_NvidiaSim/install/torto_sim_ctrl/share/ament_index/resource_index/packages\n'}
[8.957799] (torto_sim_ctrl) StdoutLine: {'line': b'symbolically linking /home/sirapob/TORTO_NvidiaSim/build/torto_sim_ctrl/package.xml -> /home/sirapob/TORTO_NvidiaSim/install/torto_sim_ctrl/share/torto_sim_ctrl\n'}
[9.008793] (-) TimerEvent: {}
[9.043320] (torto_input_handle) CommandEnded: {'returncode': 0}
[9.048842] (torto_odometry) StdoutLine: {'line': b'running egg_info\n'}
[9.049338] (torto_odometry) StdoutLine: {'line': b'creating torto_odometry.egg-info\n'}
[9.049758] (torto_odometry) StdoutLine: {'line': b'writing torto_odometry.egg-info/PKG-INFO\n'}
[9.050179] (torto_odometry) StdoutLine: {'line': b'writing dependency_links to torto_odometry.egg-info/dependency_links.txt\n'}
[9.050551] (torto_odometry) StdoutLine: {'line': b'writing entry points to torto_odometry.egg-info/entry_points.txt\n'}
[9.053319] (torto_odometry) StdoutLine: {'line': b'writing requirements to torto_odometry.egg-info/requires.txt\n'}
[9.053765] (torto_odometry) StdoutLine: {'line': b'writing top-level names to torto_odometry.egg-info/top_level.txt\n'}
[9.058044] (torto_odometry) StdoutLine: {'line': b"writing manifest file 'torto_odometry.egg-info/SOURCES.txt'\n"}
[9.058465] (torto_odometry) StdoutLine: {'line': b"reading manifest file 'torto_odometry.egg-info/SOURCES.txt'\n"}
[9.058867] (torto_odometry) StdoutLine: {'line': b"writing manifest file 'torto_odometry.egg-info/SOURCES.txt'\n"}
[9.065350] (torto_odometry) StdoutLine: {'line': b'running build_ext\n'}
[9.066455] (torto_odometry) StdoutLine: {'line': b'Creating /home/sirapob/TORTO_NvidiaSim/install/torto_odometry/lib/python3.10/site-packages/torto-odometry.egg-link (link to .)\n'}
[9.070413] (torto_odometry) StdoutLine: {'line': b'Installing odom_depen_on_imu_node script to /home/sirapob/TORTO_NvidiaSim/install/torto_odometry/lib/torto_odometry\n'}
[9.071755] (torto_odometry) StdoutLine: {'line': b'\n'}
[9.072324] (torto_odometry) StdoutLine: {'line': b'Installed /home/sirapob/TORTO_NvidiaSim/build/torto_odometry\n'}
[9.073172] (torto_odometry) StdoutLine: {'line': b'running symlink_data\n'}
[9.075706] (torto_odometry) StdoutLine: {'line': b'creating /home/sirapob/TORTO_NvidiaSim/install/torto_odometry/share/ament_index\n'}
[9.076177] (torto_odometry) StdoutLine: {'line': b'creating /home/sirapob/TORTO_NvidiaSim/install/torto_odometry/share/ament_index/resource_index\n'}
[9.076556] (torto_odometry) StdoutLine: {'line': b'creating /home/sirapob/TORTO_NvidiaSim/install/torto_odometry/share/ament_index/resource_index/packages\n'}
[9.076976] (torto_odometry) StdoutLine: {'line': b'symbolically linking /home/sirapob/TORTO_NvidiaSim/build/torto_odometry/resource/torto_odometry -> /home/sirapob/TORTO_NvidiaSim/install/torto_odometry/share/ament_index/resource_index/packages\n'}
[9.077895] (torto_odometry) StdoutLine: {'line': b'symbolically linking /home/sirapob/TORTO_NvidiaSim/build/torto_odometry/package.xml -> /home/sirapob/TORTO_NvidiaSim/install/torto_odometry/share/torto_odometry\n'}
[9.078437] (torto_odometry) StdoutLine: {'line': b'creating /home/sirapob/TORTO_NvidiaSim/install/torto_odometry/share/torto_odometry/launch\n'}
[9.079077] (torto_odometry) StdoutLine: {'line': b'symbolically linking /home/sirapob/TORTO_NvidiaSim/build/torto_odometry/launch/torto_main_tf.launch.py -> /home/sirapob/TORTO_NvidiaSim/install/torto_odometry/share/torto_odometry/launch\n'}
[9.102253] (torto_rl_pkg) StdoutLine: {'line': b'running egg_info\n'}
[9.102807] (torto_rl_pkg) StdoutLine: {'line': b'creating torto_rl_pkg.egg-info\n'}
[9.106393] (torto_rl_pkg) StdoutLine: {'line': b'writing torto_rl_pkg.egg-info/PKG-INFO\n'}
[9.107182] (torto_rl_pkg) StdoutLine: {'line': b'writing dependency_links to torto_rl_pkg.egg-info/dependency_links.txt\n'}
[9.107780] (torto_rl_pkg) StdoutLine: {'line': b'writing entry points to torto_rl_pkg.egg-info/entry_points.txt\n'}
[9.108233] (torto_rl_pkg) StdoutLine: {'line': b'writing requirements to torto_rl_pkg.egg-info/requires.txt\n'}
[9.108629] (torto_rl_pkg) StdoutLine: {'line': b'writing top-level names to torto_rl_pkg.egg-info/top_level.txt\n'}
[9.109589] (-) TimerEvent: {}
[9.113536] (torto_rl_pkg) StdoutLine: {'line': b"writing manifest file 'torto_rl_pkg.egg-info/SOURCES.txt'\n"}
[9.114077] (torto_rl_pkg) StdoutLine: {'line': b"reading manifest file 'torto_rl_pkg.egg-info/SOURCES.txt'\n"}
[9.119826] (torto_rl_pkg) StdoutLine: {'line': b"writing manifest file 'torto_rl_pkg.egg-info/SOURCES.txt'\n"}
[9.124726] (torto_rl_pkg) StdoutLine: {'line': b'running build_ext\n'}
[9.126055] (torto_rl_pkg) StdoutLine: {'line': b'Creating /home/sirapob/TORTO_NvidiaSim/install/torto_rl_pkg/lib/python3.10/site-packages/torto-rl-pkg.egg-link (link to .)\n'}
[9.131828] (torto_rl_pkg) StdoutLine: {'line': b'Installing torto_controller_node script to /home/sirapob/TORTO_NvidiaSim/install/torto_rl_pkg/lib/torto_rl_pkg\n'}
[9.138184] (torto_rl_pkg) StdoutLine: {'line': b'Installing torto_ros_bridge script to /home/sirapob/TORTO_NvidiaSim/install/torto_rl_pkg/lib/torto_rl_pkg\n'}
[9.139038] (torto_rl_pkg) StdoutLine: {'line': b'\n'}
[9.139985] (torto_rl_pkg) StdoutLine: {'line': b'Installed /home/sirapob/TORTO_NvidiaSim/build/torto_rl_pkg\n'}
[9.140376] (torto_rl_pkg) StdoutLine: {'line': b'running symlink_data\n'}
[9.140757] (torto_rl_pkg) StdoutLine: {'line': b'creating /home/sirapob/TORTO_NvidiaSim/install/torto_rl_pkg/share/ament_index\n'}
[9.141156] (torto_rl_pkg) StdoutLine: {'line': b'creating /home/sirapob/TORTO_NvidiaSim/install/torto_rl_pkg/share/ament_index/resource_index\n'}
[9.141511] (torto_rl_pkg) StdoutLine: {'line': b'creating /home/sirapob/TORTO_NvidiaSim/install/torto_rl_pkg/share/ament_index/resource_index/packages\n'}
[9.141933] (torto_rl_pkg) StdoutLine: {'line': b'symbolically linking /home/sirapob/TORTO_NvidiaSim/build/torto_rl_pkg/resource/torto_rl_pkg -> /home/sirapob/TORTO_NvidiaSim/install/torto_rl_pkg/share/ament_index/resource_index/packages\n'}
[9.142303] (torto_rl_pkg) StdoutLine: {'line': b'symbolically linking /home/sirapob/TORTO_NvidiaSim/build/torto_rl_pkg/package.xml -> /home/sirapob/TORTO_NvidiaSim/install/torto_rl_pkg/share/torto_rl_pkg\n'}
[9.147243] (torto_input_handle) JobEnded: {'identifier': 'torto_input_handle', 'rc': 0}
[9.165826] (torto_sim_ctrl) CommandEnded: {'returncode': 0}
[9.209972] (-) TimerEvent: {}
[9.216845] (torto_sim_ctrl) JobEnded: {'identifier': 'torto_sim_ctrl', 'rc': 0}
[9.227683] (torto_hardware) CommandEnded: {'returncode': 0}
[9.272976] (torto_hardware) JobEnded: {'identifier': 'torto_hardware', 'rc': 0}
[9.284080] (torto_odometry) CommandEnded: {'returncode': 0}
[9.310512] (-) TimerEvent: {}
[9.321493] (torto_odometry) JobEnded: {'identifier': 'torto_odometry', 'rc': 0}
[9.340059] (torto_rl_pkg) CommandEnded: {'returncode': 0}
[9.360395] (torto_rl_pkg) JobEnded: {'identifier': 'torto_rl_pkg', 'rc': 0}
[9.410829] (-) TimerEvent: {}
[9.514041] (-) TimerEvent: {}
[9.552628] (torto_interfaces) StdoutLine: {'line': b'[ 27%] \x1b[32mBuilding CXX object CMakeFiles/torto_interfaces__rosidl_typesupport_cpp.dir/rosidl_typesupport_cpp/torto_interfaces/msg/torto_joint_angles__type_support.cpp.o\x1b[0m\n'}
[9.564902] (torto_interfaces) StdoutLine: {'line': b'[ 29%] \x1b[32mBuilding CXX object CMakeFiles/torto_interfaces__rosidl_typesupport_cpp.dir/rosidl_typesupport_cpp/torto_interfaces/msg/torto_ctrl_params__type_support.cpp.o\x1b[0m\n'}
[9.565458] (torto_interfaces) StdoutLine: {'line': b'[ 31%] \x1b[32mBuilding CXX object CMakeFiles/torto_interfaces__rosidl_typesupport_cpp.dir/rosidl_typesupport_cpp/torto_interfaces/msg/torto_sim_reset__type_support.cpp.o\x1b[0m\n'}
[9.583404] (torto_interfaces) StdoutLine: {'line': b'[ 36%] \x1b[32mBuilding CXX object CMakeFiles/torto_interfaces__rosidl_typesupport_introspection_cpp.dir/rosidl_typesupport_introspection_cpp/torto_interfaces/msg/detail/torto_ctrl_params__type_support.cpp.o\x1b[0m\n'}
[9.584786] (torto_interfaces) StdoutLine: {'line': b'[ 36%] \x1b[32mBuilding CXX object CMakeFiles/torto_interfaces__rosidl_typesupport_introspection_cpp.dir/rosidl_typesupport_introspection_cpp/torto_interfaces/msg/detail/torto_joint_angles__type_support.cpp.o\x1b[0m\n'}
[9.595863] (torto_interfaces) StdoutLine: {'line': b'[ 38%] \x1b[32mBuilding CXX object CMakeFiles/torto_interfaces__rosidl_typesupport_introspection_cpp.dir/rosidl_typesupport_introspection_cpp/torto_interfaces/msg/detail/torto_sim_reset__type_support.cpp.o\x1b[0m\n'}
[9.614194] (-) TimerEvent: {}
[9.719238] (-) TimerEvent: {}
[9.822542] (-) TimerEvent: {}
[9.926772] (-) TimerEvent: {}
[9.941192] (torto_interfaces) StdoutLine: {'line': b'[ 40%] \x1b[32mBuilding CXX object CMakeFiles/torto_interfaces__rosidl_typesupport_fastrtps_cpp.dir/rosidl_typesupport_fastrtps_cpp/torto_interfaces/msg/detail/dds_fastrtps/torto_joint_angles__type_support.cpp.o\x1b[0m\n'}
[9.951796] (torto_interfaces) StdoutLine: {'line': b'[ 42%] \x1b[32mBuilding CXX object CMakeFiles/torto_interfaces__rosidl_typesupport_fastrtps_cpp.dir/rosidl_typesupport_fastrtps_cpp/torto_interfaces/msg/detail/dds_fastrtps/torto_ctrl_params__type_support.cpp.o\x1b[0m\n'}
[9.952505] (torto_interfaces) StdoutLine: {'line': b'[ 44%] \x1b[32mBuilding CXX object CMakeFiles/torto_interfaces__rosidl_typesupport_fastrtps_cpp.dir/rosidl_typesupport_fastrtps_cpp/torto_interfaces/msg/detail/dds_fastrtps/torto_sim_reset__type_support.cpp.o\x1b[0m\n'}
[10.027158] (-) TimerEvent: {}
[10.136223] (-) TimerEvent: {}
[10.239109] (-) TimerEvent: {}
[10.339980] (torto_interfaces) StdoutLine: {'line': b'[ 46%] \x1b[32mBuilding CXX object CMakeFiles/torto_interfaces__rosidl_typesupport_c.dir/rosidl_typesupport_c/torto_interfaces/msg/torto_joint_angles__type_support.cpp.o\x1b[0m\n'}
[10.340738] (-) TimerEvent: {}
[10.345336] (torto_interfaces) StdoutLine: {'line': b'[ 48%] \x1b[32mBuilding CXX object CMakeFiles/torto_interfaces__rosidl_typesupport_c.dir/rosidl_typesupport_c/torto_interfaces/msg/torto_sim_reset__type_support.cpp.o\x1b[0m\n'}
[10.351556] (torto_interfaces) StdoutLine: {'line': b'[ 51%] \x1b[32mBuilding CXX object CMakeFiles/torto_interfaces__rosidl_typesupport_c.dir/rosidl_typesupport_c/torto_interfaces/msg/torto_ctrl_params__type_support.cpp.o\x1b[0m\n'}
[10.441547] (-) TimerEvent: {}
[10.523631] (torto_interfaces) StdoutLine: {'line': b'[ 53%] \x1b[32m\x1b[1mLinking CXX shared library libtorto_interfaces__rosidl_typesupport_c.so\x1b[0m\n'}
[10.541594] (-) TimerEvent: {}
[10.643236] (-) TimerEvent: {}
[10.667799] (torto_interfaces) StdoutLine: {'line': b'[ 55%] \x1b[32mBuilding C object CMakeFiles/torto_interfaces__rosidl_typesupport_introspection_c.dir/rosidl_typesupport_introspection_c/torto_interfaces/msg/detail/torto_ctrl_params__type_support.c.o\x1b[0m\n'}
[10.677704] (torto_interfaces) StdoutLine: {'line': b'[ 57%] \x1b[32mBuilding C object CMakeFiles/torto_interfaces__rosidl_typesupport_introspection_c.dir/rosidl_typesupport_introspection_c/torto_interfaces/msg/detail/torto_joint_angles__type_support.c.o\x1b[0m\n'}
[10.678336] (torto_interfaces) StdoutLine: {'line': b'[ 59%] \x1b[32mBuilding C object CMakeFiles/torto_interfaces__rosidl_typesupport_introspection_c.dir/rosidl_typesupport_introspection_c/torto_interfaces/msg/detail/torto_sim_reset__type_support.c.o\x1b[0m\n'}
[10.748741] (-) TimerEvent: {}
[10.763211] (torto_interfaces) StdoutLine: {'line': b'[ 59%] Built target torto_interfaces__rosidl_typesupport_c\n'}
[10.848918] (-) TimerEvent: {}
[10.898386] (torto_interfaces) StdoutLine: {'line': b'[ 61%] \x1b[32m\x1b[1mLinking C shared library libtorto_interfaces__rosidl_typesupport_introspection_c.so\x1b[0m\n'}
[10.950786] (-) TimerEvent: {}
[10.987139] (torto_interfaces) StdoutLine: {'line': b'[ 63%] \x1b[32mBuilding CXX object CMakeFiles/torto_interfaces__rosidl_typesupport_fastrtps_c.dir/rosidl_typesupport_fastrtps_c/torto_interfaces/msg/detail/torto_joint_angles__type_support_c.cpp.o\x1b[0m\n'}
[11.003637] (torto_interfaces) StdoutLine: {'line': b'[ 65%] \x1b[32mBuilding CXX object CMakeFiles/torto_interfaces__rosidl_typesupport_fastrtps_c.dir/rosidl_typesupport_fastrtps_c/torto_interfaces/msg/detail/torto_sim_reset__type_support_c.cpp.o\x1b[0m\n'}
[11.037206] (torto_interfaces) StdoutLine: {'line': b'[ 68%] \x1b[32mBuilding CXX object CMakeFiles/torto_interfaces__rosidl_typesupport_fastrtps_c.dir/rosidl_typesupport_fastrtps_c/torto_interfaces/msg/detail/torto_ctrl_params__type_support_c.cpp.o\x1b[0m\n'}
[11.052013] (-) TimerEvent: {}
[11.063906] (torto_interfaces) StdoutLine: {'line': b'[ 68%] Built target torto_interfaces__rosidl_typesupport_introspection_c\n'}
[11.152117] (-) TimerEvent: {}
[11.253755] (-) TimerEvent: {}
[11.269974] (torto_interfaces) StdoutLine: {'line': b'[ 70%] \x1b[32m\x1b[1mLinking CXX shared library libtorto_interfaces__rosidl_typesupport_cpp.so\x1b[0m\n'}
[11.356064] (-) TimerEvent: {}
[11.457553] (-) TimerEvent: {}
[11.463756] (torto_interfaces) StdoutLine: {'line': b'[ 70%] Built target torto_interfaces__rosidl_typesupport_cpp\n'}
[11.557770] (-) TimerEvent: {}
[11.658755] (-) TimerEvent: {}
[11.760790] (-) TimerEvent: {}
[11.858597] (torto_interfaces) StdoutLine: {'line': b'[ 72%] \x1b[32m\x1b[1mLinking CXX shared library libtorto_interfaces__rosidl_typesupport_introspection_cpp.so\x1b[0m\n'}
[11.860909] (-) TimerEvent: {}
[11.962937] (-) TimerEvent: {}
[12.064689] (-) TimerEvent: {}
[12.078597] (torto_interfaces) StdoutLine: {'line': b'[ 72%] Built target torto_interfaces__rosidl_typesupport_introspection_cpp\n'}
[12.138657] (torto_interfaces) StdoutLine: {'line': b'[ 74%] \x1b[32m\x1b[1mLinking CXX shared library libtorto_interfaces__rosidl_typesupport_fastrtps_cpp.so\x1b[0m\n'}
[12.165290] (-) TimerEvent: {}
[12.266508] (-) TimerEvent: {}
[12.367162] (-) TimerEvent: {}
[12.387142] (torto_interfaces) StdoutLine: {'line': b'[ 74%] Built target torto_interfaces__rosidl_typesupport_fastrtps_cpp\n'}
[12.467325] (-) TimerEvent: {}
[12.488846] (torto_interfaces) StdoutLine: {'line': b'[ 76%] \x1b[32m\x1b[1mLinking CXX shared library libtorto_interfaces__rosidl_typesupport_fastrtps_c.so\x1b[0m\n'}
[12.567477] (-) TimerEvent: {}
[12.668125] (-) TimerEvent: {}
[12.697294] (torto_interfaces) StdoutLine: {'line': b'[ 76%] Built target torto_interfaces__rosidl_typesupport_fastrtps_c\n'}
[12.754145] (torto_interfaces) StdoutLine: {'line': b'[ 76%] Built target torto_interfaces\n'}
[12.768298] (-) TimerEvent: {}
[12.809361] (torto_interfaces) StdoutLine: {'line': b'[ 78%] \x1b[34m\x1b[1mGenerating Python code for ROS interfaces\x1b[0m\n'}
[12.868415] (-) TimerEvent: {}
[12.968896] (-) TimerEvent: {}
[13.069402] (-) TimerEvent: {}
[13.169837] (-) TimerEvent: {}
[13.270340] (-) TimerEvent: {}
[13.370893] (-) TimerEvent: {}
[13.471674] (-) TimerEvent: {}
[13.572174] (-) TimerEvent: {}
[13.672586] (-) TimerEvent: {}
[13.773058] (-) TimerEvent: {}
[13.873468] (-) TimerEvent: {}
[13.973882] (-) TimerEvent: {}
[14.074356] (-) TimerEvent: {}
[14.174939] (-) TimerEvent: {}
[14.275528] (-) TimerEvent: {}
[14.376122] (-) TimerEvent: {}
[14.476696] (-) TimerEvent: {}
[14.577191] (-) TimerEvent: {}
[14.677714] (-) TimerEvent: {}
[14.778154] (-) TimerEvent: {}
[14.878573] (-) TimerEvent: {}
[14.978990] (-) TimerEvent: {}
[15.063506] (torto_interfaces) StdoutLine: {'line': b'[ 78%] Built target torto_interfaces__py\n'}
[15.079102] (-) TimerEvent: {}
[15.106720] (torto_interfaces) StdoutLine: {'line': b'[ 80%] \x1b[32mBuilding C object CMakeFiles/torto_interfaces__rosidl_generator_py.dir/rosidl_generator_py/torto_interfaces/msg/_torto_ctrl_params_s.c.o\x1b[0m\n'}
[15.107108] (torto_interfaces) StdoutLine: {'line': b'[ 82%] \x1b[32mBuilding C object CMakeFiles/torto_interfaces__rosidl_generator_py.dir/rosidl_generator_py/torto_interfaces/msg/_torto_joint_angles_s.c.o\x1b[0m\n'}
[15.115223] (torto_interfaces) StdoutLine: {'line': b'[ 85%] \x1b[32mBuilding C object CMakeFiles/torto_interfaces__rosidl_generator_py.dir/rosidl_generator_py/torto_interfaces/msg/_torto_sim_reset_s.c.o\x1b[0m\n'}
[15.179229] (-) TimerEvent: {}
[15.279619] (-) TimerEvent: {}
[15.380057] (-) TimerEvent: {}
[15.464335] (torto_interfaces) StdoutLine: {'line': b'[ 87%] \x1b[32m\x1b[1mLinking C shared library rosidl_generator_py/torto_interfaces/libtorto_interfaces__rosidl_generator_py.so\x1b[0m\n'}
[15.480183] (-) TimerEvent: {}
[15.555625] (torto_interfaces) StdoutLine: {'line': b'[ 87%] Built target torto_interfaces__rosidl_generator_py\n'}
[15.580319] (-) TimerEvent: {}
[15.601956] (torto_interfaces) StdoutLine: {'line': b'[ 89%] \x1b[32mBuilding C object CMakeFiles/torto_interfaces__rosidl_typesupport_fastrtps_c__pyext.dir/rosidl_generator_py/torto_interfaces/_torto_interfaces_s.ep.rosidl_typesupport_fastrtps_c.c.o\x1b[0m\n'}
[15.603637] (torto_interfaces) StdoutLine: {'line': b'[ 91%] \x1b[32mBuilding C object CMakeFiles/torto_interfaces__rosidl_typesupport_introspection_c__pyext.dir/rosidl_generator_py/torto_interfaces/_torto_interfaces_s.ep.rosidl_typesupport_introspection_c.c.o\x1b[0m\n'}
[15.604787] (torto_interfaces) StdoutLine: {'line': b'[ 93%] \x1b[32mBuilding C object CMakeFiles/torto_interfaces__rosidl_typesupport_c__pyext.dir/rosidl_generator_py/torto_interfaces/_torto_interfaces_s.ep.rosidl_typesupport_c.c.o\x1b[0m\n'}
[15.680470] (-) TimerEvent: {}
[15.781209] (-) TimerEvent: {}
[15.881769] (-) TimerEvent: {}
[15.886035] (torto_interfaces) StdoutLine: {'line': b'[ 95%] \x1b[32m\x1b[1mLinking C shared library rosidl_generator_py/torto_interfaces/torto_interfaces_s__rosidl_typesupport_c.cpython-310-x86_64-linux-gnu.so\x1b[0m\n'}
[15.898125] (torto_interfaces) StdoutLine: {'line': b'[ 97%] \x1b[32m\x1b[1mLinking C shared library rosidl_generator_py/torto_interfaces/torto_interfaces_s__rosidl_typesupport_fastrtps_c.cpython-310-x86_64-linux-gnu.so\x1b[0m\n'}
[15.912075] (torto_interfaces) StdoutLine: {'line': b'[100%] \x1b[32m\x1b[1mLinking C shared library rosidl_generator_py/torto_interfaces/torto_interfaces_s__rosidl_typesupport_introspection_c.cpython-310-x86_64-linux-gnu.so\x1b[0m\n'}
[15.976972] (torto_interfaces) StdoutLine: {'line': b'[100%] Built target torto_interfaces__rosidl_typesupport_c__pyext\n'}
[15.981889] (-) TimerEvent: {}
[15.986922] (torto_interfaces) StdoutLine: {'line': b'[100%] Built target torto_interfaces__rosidl_typesupport_fastrtps_c__pyext\n'}
[15.994246] (torto_interfaces) StdoutLine: {'line': b'[100%] Built target torto_interfaces__rosidl_typesupport_introspection_c__pyext\n'}
[16.027245] (torto_interfaces) CommandEnded: {'returncode': 0}
[16.028785] (torto_interfaces) JobProgress: {'identifier': 'torto_interfaces', 'progress': 'install'}
[16.029444] (torto_interfaces) Command: {'cmd': ['/usr/bin/cmake', '--install', '/home/sirapob/TORTO_NvidiaSim/build/torto_interfaces'], 'cwd': '/home/sirapob/TORTO_NvidiaSim/build/torto_interfaces', 'env': OrderedDict([('GJS_DEBUG_TOPICS', 'JS ERROR;JS LOG'), ('LESSOPEN', '| /usr/bin/lesspipe %s'), ('USER', 'sirapob'), ('LC_TIME', 'th_TH.UTF-8'), ('XDG_SESSION_TYPE', 'x11'), ('GIT_ASKPASS', '/usr/share/code/resources/app/extensions/git/dist/askpass.sh'), ('SHLVL', '1'), ('LD_LIBRARY_PATH', '/home/sirapob/TORTO_NvidiaSim/install/torto_interfaces/lib:/opt/ros/humble/opt/rviz_ogre_vendor/lib:/opt/ros/humble/lib/x86_64-linux-gnu:/opt/ros/humble/lib'), ('HOME', '/home/sirapob'), ('CHROME_DESKTOP', 'code.desktop'), ('TERM_PROGRAM_VERSION', '1.97.2'), ('DESKTOP_SESSION', 'ubuntu'), ('GIO_LAUNCHED_DESKTOP_FILE', '/usr/share/applications/code.desktop'), ('ROS_PYTHON_VERSION', '3'), ('GNOME_SHELL_SESSION_MODE', 'ubuntu'), ('GTK_MODULES', 'gail:atk-bridge'), ('VSCODE_GIT_ASKPASS_MAIN', '/usr/share/code/resources/app/extensions/git/dist/askpass-main.js'), ('LC_MONETARY', 'th_TH.UTF-8'), ('VSCODE_GIT_ASKPASS_NODE', '/usr/share/code/code'), ('MANAGERPID', '1796'), ('PYDEVD_DISABLE_FILE_VALIDATION', '1'), ('SYSTEMD_EXEC_PID', '2140'), ('BUNDLED_DEBUGPY_PATH', '/home/sirapob/.vscode/extensions/ms-python.debugpy-2025.8.0-linux-x64/bundled/libs/debugpy'), ('DBUS_SESSION_BUS_ADDRESS', 'unix:path=/run/user/1000/bus'), ('COLORTERM', 'truecolor'), ('GIO_LAUNCHED_DESKTOP_FILE_PID', '4854'), ('COLCON_PREFIX_PATH', '/home/sirapob/TORTO_NvidiaSim/install:/home/sirapob/isaacsim/isaac_ros_ws/install'), ('ROS_DISTRO', 'humble'), ('GTK_IM_MODULE', 'ibus'), ('LOGNAME', 'sirapob'), ('JOURNAL_STREAM', '8:12909'), ('_', '/usr/bin/colcon'), ('ROS_VERSION', '2'), ('XDG_SESSION_CLASS', 'user'), ('USERNAME', 'sirapob'), ('TERM', 'xterm-256color'), ('GNOME_DESKTOP_SESSION_ID', 'this-is-deprecated'), ('ROS_LOCALHOST_ONLY', '0'), ('WINDOWPATH', '2'), ('PATH', '/home/sirapob/.local/bin:/opt/ros/humble/bin:/home/sirapob/.local/bin:/usr/local/sbin:/usr/local/bin:/usr/sbin:/usr/bin:/sbin:/bin:/usr/games:/usr/local/games:/snap/bin:/snap/bin:/home/sirapob/.vscode/extensions/ms-python.debugpy-2025.8.0-linux-x64/bundled/scripts/noConfigScripts'), ('SESSION_MANAGER', 'local/sirapob-ROG-Strix-G732LXS-G742LXS:@/tmp/.ICE-unix/2113,unix/sirapob-ROG-Strix-G732LXS-G742LXS:/tmp/.ICE-unix/2113'), ('INVOCATION_ID', '9188ecfe137840c68e3ba7c42310f545'), ('XDG_MENU_PREFIX', 'gnome-'), ('LC_ADDRESS', 'th_TH.UTF-8'), ('XDG_RUNTIME_DIR', '/run/user/1000'), ('GDK_BACKEND', 'x11'), ('DISPLAY', ':1'), ('VSCODE_DEBUGPY_ADAPTER_ENDPOINTS', '/home/sirapob/.vscode/extensions/ms-python.debugpy-2025.8.0-linux-x64/.noConfigDebugAdapterEndpoints/endpoint-08ece0a135d34187.txt'), ('LANG', 'en_US.UTF-8'), ('XDG_CURRENT_DESKTOP', 'Unity'), ('LC_TELEPHONE', 'th_TH.UTF-8'), ('XMODIFIERS', '@im=ibus'), ('XDG_SESSION_DESKTOP', 'ubuntu'), ('XAUTHORITY', '/run/user/1000/gdm/Xauthority'), ('LS_COLORS', 'rs=0:di=01;34:ln=01;36:mh=00:pi=40;33:so=01;35:do=01;35:bd=40;33;01:cd=40;33;01:or=40;31;01:mi=00:su=37;41:sg=30;43:ca=30;41:tw=30;42:ow=34;42:st=37;44:ex=01;32:*.tar=01;31:*.tgz=01;31:*.arc=01;31:*.arj=01;31:*.taz=01;31:*.lha=01;31:*.lz4=01;31:*.lzh=01;31:*.lzma=01;31:*.tlz=01;31:*.txz=01;31:*.tzo=01;31:*.t7z=01;31:*.zip=01;31:*.z=01;31:*.dz=01;31:*.gz=01;31:*.lrz=01;31:*.lz=01;31:*.lzo=01;31:*.xz=01;31:*.zst=01;31:*.tzst=01;31:*.bz2=01;31:*.bz=01;31:*.tbz=01;31:*.tbz2=01;31:*.tz=01;31:*.deb=01;31:*.rpm=01;31:*.jar=01;31:*.war=01;31:*.ear=01;31:*.sar=01;31:*.rar=01;31:*.alz=01;31:*.ace=01;31:*.zoo=01;31:*.cpio=01;31:*.7z=01;31:*.rz=01;31:*.cab=01;31:*.wim=01;31:*.swm=01;31:*.dwm=01;31:*.esd=01;31:*.jpg=01;35:*.jpeg=01;35:*.mjpg=01;35:*.mjpeg=01;35:*.gif=01;35:*.bmp=01;35:*.pbm=01;35:*.pgm=01;35:*.ppm=01;35:*.tga=01;35:*.xbm=01;35:*.xpm=01;35:*.tif=01;35:*.tiff=01;35:*.png=01;35:*.svg=01;35:*.svgz=01;35:*.mng=01;35:*.pcx=01;35:*.mov=01;35:*.mpg=01;35:*.mpeg=01;35:*.m2v=01;35:*.mkv=01;35:*.webm=01;35:*.webp=01;35:*.ogm=01;35:*.mp4=01;35:*.m4v=01;35:*.mp4v=01;35:*.vob=01;35:*.qt=01;35:*.nuv=01;35:*.wmv=01;35:*.asf=01;35:*.rm=01;35:*.rmvb=01;35:*.flc=01;35:*.avi=01;35:*.fli=01;35:*.flv=01;35:*.gl=01;35:*.dl=01;35:*.xcf=01;35:*.xwd=01;35:*.yuv=01;35:*.cgm=01;35:*.emf=01;35:*.ogv=01;35:*.ogx=01;35:*.aac=00;36:*.au=00;36:*.flac=00;36:*.m4a=00;36:*.mid=00;36:*.midi=00;36:*.mka=00;36:*.mp3=00;36:*.mpc=00;36:*.ogg=00;36:*.ra=00;36:*.wav=00;36:*.oga=00;36:*.opus=00;36:*.spx=00;36:*.xspf=00;36:'), ('VSCODE_GIT_IPC_HANDLE', '/run/user/1000/vscode-git-aa4929aee5.sock'), ('TERM_PROGRAM', 'vscode'), ('SSH_AGENT_LAUNCHER', 'gnome-keyring'), ('SSH_AUTH_SOCK', '/run/user/1000/keyring/ssh'), ('AMENT_PREFIX_PATH', '/home/sirapob/TORTO_NvidiaSim/install/torto_bringup:/home/sirapob/TORTO_NvidiaSim/install/torto_sim_ctrl:/home/sirapob/TORTO_NvidiaSim/install/torto_rl_pkg:/home/sirapob/TORTO_NvidiaSim/install/torto_odometry:/home/sirapob/TORTO_NvidiaSim/install/torto_ctrl:/home/sirapob/TORTO_NvidiaSim/install/torto_interfaces:/home/sirapob/TORTO_NvidiaSim/install/torto_input_handle:/home/sirapob/TORTO_NvidiaSim/install/torto_hardware:/home/sirapob/TORTO_NvidiaSim/install/torto_description:/home/sirapob/isaacsim/isaac_ros_ws/install/reset_listener_pkg:/opt/ros/humble'), ('ORIGINAL_XDG_CURRENT_DESKTOP', 'ubuntu:GNOME'), ('SHELL', '/bin/bash'), ('LC_NAME', 'th_TH.UTF-8'), ('QT_ACCESSIBILITY', '1'), ('GDMSESSION', 'ubuntu'), ('LESSCLOSE', '/usr/bin/lesspipe %s %s'), ('LC_MEASUREMENT', 'th_TH.UTF-8'), ('GPG_AGENT_INFO', '/run/user/1000/gnupg/S.gpg-agent:0:1'), ('GJS_DEBUG_OUTPUT', 'stderr'), ('LC_IDENTIFICATION', 'th_TH.UTF-8'), ('VSCODE_GIT_ASKPASS_EXTRA_ARGS', ''), ('QT_IM_MODULE', 'ibus'), ('PWD', '/home/sirapob/TORTO_NvidiaSim/build/torto_interfaces'), ('XDG_CONFIG_DIRS', '/etc/xdg/xdg-ubuntu:/etc/xdg'), ('XDG_DATA_DIRS', '/usr/share/ubuntu:/usr/share/gnome:/usr/local/share/:/usr/share/:/var/lib/snapd/desktop'), ('PYTHONPATH', '/home/sirapob/TORTO_NvidiaSim/build/torto_hardware:/home/sirapob/TORTO_NvidiaSim/install/torto_sim_ctrl/lib/python3.10/site-packages:/home/sirapob/TORTO_NvidiaSim/install/torto_rl_pkg/lib/python3.10/site-packages:/home/sirapob/TORTO_NvidiaSim/install/torto_odometry/lib/python3.10/site-packages:/home/sirapob/TORTO_NvidiaSim/install/torto_ctrl/lib/python3.10/site-packages:/home/sirapob/TORTO_NvidiaSim/install/torto_interfaces/local/lib/python3.10/dist-packages:/home/sirapob/TORTO_NvidiaSim/install/torto_input_handle/lib/python3.10/site-packages:/home/sirapob/TORTO_NvidiaSim/install/torto_hardware/lib/python3.10/site-packages:/home/sirapob/isaacsim/isaac_ros_ws/build/reset_listener_pkg:/home/sirapob/isaacsim/isaac_ros_ws/install/reset_listener_pkg/lib/python3.10/site-packages:/opt/ros/humble/lib/python3.10/site-packages:/opt/ros/humble/local/lib/python3.10/dist-packages'), ('LC_NUMERIC', 'th_TH.UTF-8'), ('LC_PAPER', 'th_TH.UTF-8'), ('COLCON', '1'), ('CMAKE_PREFIX_PATH', '/home/sirapob/TORTO_NvidiaSim/install/torto_bringup:/home/sirapob/TORTO_NvidiaSim/install/torto_interfaces:/home/sirapob/TORTO_NvidiaSim/install/torto_description:/home/sirapob/TORTO_NvidiaSim/install/torto_sim_ctrl:/home/sirapob/TORTO_NvidiaSim/install/torto_rl_pkg:/home/sirapob/TORTO_NvidiaSim/install/torto_odometry:/home/sirapob/TORTO_NvidiaSim/install/torto_ctrl:/home/sirapob/TORTO_NvidiaSim/install/torto_input_handle:/home/sirapob/TORTO_NvidiaSim/install/torto_hardware:/home/sirapob/isaacsim/isaac_ros_ws/install/reset_listener_pkg:/opt/ros/humble')]), 'shell': False}
[16.044190] (torto_interfaces) StdoutLine: {'line': b'-- Install configuration: ""\n'}
[16.045822] (torto_interfaces) StdoutLine: {'line': b'-- Execute custom install script\n'}
[16.046678] (torto_interfaces) StdoutLine: {'line': b'-- Symlinking: /home/sirapob/TORTO_NvidiaSim/install/torto_interfaces/share/ament_index/resource_index/rosidl_interfaces/torto_interfaces\n'}
[16.067839] (torto_interfaces) StdoutLine: {'line': b'-- Symlinking: /home/sirapob/TORTO_NvidiaSim/install/torto_interfaces/include/torto_interfaces/torto_interfaces/msg/detail/torto_ctrl_params__functions.h\n'}
[16.082020] (-) TimerEvent: {}
[16.088597] (torto_interfaces) StdoutLine: {'line': b'-- Symlinking: /home/sirapob/TORTO_NvidiaSim/install/torto_interfaces/include/torto_interfaces/torto_interfaces/msg/detail/torto_ctrl_params__struct.h\n'}
[16.110375] (torto_interfaces) StdoutLine: {'line': b'-- Symlinking: /home/sirapob/TORTO_NvidiaSim/install/torto_interfaces/include/torto_interfaces/torto_interfaces/msg/detail/torto_ctrl_params__type_support.h\n'}
[16.130242] (torto_interfaces) StdoutLine: {'line': b'-- Symlinking: /home/sirapob/TORTO_NvidiaSim/install/torto_interfaces/include/torto_interfaces/torto_interfaces/msg/detail/torto_joint_angles__functions.h\n'}
[16.147971] (torto_interfaces) StdoutLine: {'line': b'-- Symlinking: /home/sirapob/TORTO_NvidiaSim/install/torto_interfaces/include/torto_interfaces/torto_interfaces/msg/detail/torto_joint_angles__struct.h\n'}
[16.166346] (torto_interfaces) StdoutLine: {'line': b'-- Symlinking: /home/sirapob/TORTO_NvidiaSim/install/torto_interfaces/include/torto_interfaces/torto_interfaces/msg/detail/torto_joint_angles__type_support.h\n'}
[16.182348] (-) TimerEvent: {}
[16.184494] (torto_interfaces) StdoutLine: {'line': b'-- Symlinking: /home/sirapob/TORTO_NvidiaSim/install/torto_interfaces/include/torto_interfaces/torto_interfaces/msg/detail/torto_sim_reset__functions.h\n'}
[16.202774] (torto_interfaces) StdoutLine: {'line': b'-- Symlinking: /home/sirapob/TORTO_NvidiaSim/install/torto_interfaces/include/torto_interfaces/torto_interfaces/msg/detail/torto_sim_reset__struct.h\n'}
[16.222900] (torto_interfaces) StdoutLine: {'line': b'-- Symlinking: /home/sirapob/TORTO_NvidiaSim/install/torto_interfaces/include/torto_interfaces/torto_interfaces/msg/detail/torto_sim_reset__type_support.h\n'}
[16.241474] (torto_interfaces) StdoutLine: {'line': b'-- Symlinking: /home/sirapob/TORTO_NvidiaSim/install/torto_interfaces/include/torto_interfaces/torto_interfaces/msg/rosidl_generator_c__visibility_control.h\n'}
[16.261037] (torto_interfaces) StdoutLine: {'line': b'-- Symlinking: /home/sirapob/TORTO_NvidiaSim/install/torto_interfaces/include/torto_interfaces/torto_interfaces/msg/torto_ctrl_params.h\n'}
[16.282482] (-) TimerEvent: {}
[16.285259] (torto_interfaces) StdoutLine: {'line': b'-- Symlinking: /home/sirapob/TORTO_NvidiaSim/install/torto_interfaces/include/torto_interfaces/torto_interfaces/msg/torto_joint_angles.h\n'}
[16.312129] (torto_interfaces) StdoutLine: {'line': b'-- Symlinking: /home/sirapob/TORTO_NvidiaSim/install/torto_interfaces/include/torto_interfaces/torto_interfaces/msg/torto_sim_reset.h\n'}
[16.332943] (torto_interfaces) StdoutLine: {'line': b'-- Symlinking: /home/sirapob/TORTO_NvidiaSim/install/torto_interfaces/share/torto_interfaces/environment/library_path.sh\n'}
[16.352837] (torto_interfaces) StdoutLine: {'line': b'-- Symlinking: /home/sirapob/TORTO_NvidiaSim/install/torto_interfaces/share/torto_interfaces/environment/library_path.dsv\n'}
[16.373043] (torto_interfaces) StdoutLine: {'line': b'-- Symlinking: /home/sirapob/TORTO_NvidiaSim/install/torto_interfaces/include/torto_interfaces/torto_interfaces/msg/detail/torto_ctrl_params__rosidl_typesupport_fastrtps_c.h\n'}
[16.382570] (-) TimerEvent: {}
[16.392669] (torto_interfaces) StdoutLine: {'line': b'-- Symlinking: /home/sirapob/TORTO_NvidiaSim/install/torto_interfaces/include/torto_interfaces/torto_interfaces/msg/detail/torto_joint_angles__rosidl_typesupport_fastrtps_c.h\n'}
[16.416610] (torto_interfaces) StdoutLine: {'line': b'-- Symlinking: /home/sirapob/TORTO_NvidiaSim/install/torto_interfaces/include/torto_interfaces/torto_interfaces/msg/detail/torto_sim_reset__rosidl_typesupport_fastrtps_c.h\n'}
[16.437971] (torto_interfaces) StdoutLine: {'line': b'-- Symlinking: /home/sirapob/TORTO_NvidiaSim/install/torto_interfaces/include/torto_interfaces/torto_interfaces/msg/rosidl_typesupport_fastrtps_c__visibility_control.h\n'}
[16.456800] (torto_interfaces) StdoutLine: {'line': b'-- Symlinking: /home/sirapob/TORTO_NvidiaSim/install/torto_interfaces/include/torto_interfaces/torto_interfaces/msg/detail/torto_ctrl_params__rosidl_typesupport_introspection_c.h\n'}
[16.475486] (torto_interfaces) StdoutLine: {'line': b'-- Symlinking: /home/sirapob/TORTO_NvidiaSim/install/torto_interfaces/include/torto_interfaces/torto_interfaces/msg/detail/torto_joint_angles__rosidl_typesupport_introspection_c.h\n'}
[16.482778] (-) TimerEvent: {}
[16.493948] (torto_interfaces) StdoutLine: {'line': b'-- Symlinking: /home/sirapob/TORTO_NvidiaSim/install/torto_interfaces/include/torto_interfaces/torto_interfaces/msg/detail/torto_sim_reset__rosidl_typesupport_introspection_c.h\n'}
[16.514953] (torto_interfaces) StdoutLine: {'line': b'-- Symlinking: /home/sirapob/TORTO_NvidiaSim/install/torto_interfaces/include/torto_interfaces/torto_interfaces/msg/rosidl_typesupport_introspection_c__visibility_control.h\n'}
[16.536314] (torto_interfaces) StdoutLine: {'line': b'-- Symlinking: /home/sirapob/TORTO_NvidiaSim/install/torto_interfaces/include/torto_interfaces/torto_interfaces/msg/detail/torto_ctrl_params__builder.hpp\n'}
[16.554444] (torto_interfaces) StdoutLine: {'line': b'-- Symlinking: /home/sirapob/TORTO_NvidiaSim/install/torto_interfaces/include/torto_interfaces/torto_interfaces/msg/detail/torto_ctrl_params__struct.hpp\n'}
[16.573017] (torto_interfaces) StdoutLine: {'line': b'-- Symlinking: /home/sirapob/TORTO_NvidiaSim/install/torto_interfaces/include/torto_interfaces/torto_interfaces/msg/detail/torto_ctrl_params__traits.hpp\n'}
[16.582914] (-) TimerEvent: {}
[16.591914] (torto_interfaces) StdoutLine: {'line': b'-- Symlinking: /home/sirapob/TORTO_NvidiaSim/install/torto_interfaces/include/torto_interfaces/torto_interfaces/msg/detail/torto_ctrl_params__type_support.hpp\n'}
[16.611175] (torto_interfaces) StdoutLine: {'line': b'-- Symlinking: /home/sirapob/TORTO_NvidiaSim/install/torto_interfaces/include/torto_interfaces/torto_interfaces/msg/detail/torto_joint_angles__builder.hpp\n'}
[16.633118] (torto_interfaces) StdoutLine: {'line': b'-- Symlinking: /home/sirapob/TORTO_NvidiaSim/install/torto_interfaces/include/torto_interfaces/torto_interfaces/msg/detail/torto_joint_angles__struct.hpp\n'}
[16.650097] (torto_interfaces) StdoutLine: {'line': b'-- Symlinking: /home/sirapob/TORTO_NvidiaSim/install/torto_interfaces/include/torto_interfaces/torto_interfaces/msg/detail/torto_joint_angles__traits.hpp\n'}
[16.669280] (torto_interfaces) StdoutLine: {'line': b'-- Symlinking: /home/sirapob/TORTO_NvidiaSim/install/torto_interfaces/include/torto_interfaces/torto_interfaces/msg/detail/torto_joint_angles__type_support.hpp\n'}
[16.683363] (-) TimerEvent: {}
[16.687909] (torto_interfaces) StdoutLine: {'line': b'-- Symlinking: /home/sirapob/TORTO_NvidiaSim/install/torto_interfaces/include/torto_interfaces/torto_interfaces/msg/detail/torto_sim_reset__builder.hpp\n'}
[16.708196] (torto_interfaces) StdoutLine: {'line': b'-- Symlinking: /home/sirapob/TORTO_NvidiaSim/install/torto_interfaces/include/torto_interfaces/torto_interfaces/msg/detail/torto_sim_reset__struct.hpp\n'}
[16.725852] (torto_interfaces) StdoutLine: {'line': b'-- Symlinking: /home/sirapob/TORTO_NvidiaSim/install/torto_interfaces/include/torto_interfaces/torto_interfaces/msg/detail/torto_sim_reset__traits.hpp\n'}
[16.740910] (torto_interfaces) StdoutLine: {'line': b'-- Symlinking: /home/sirapob/TORTO_NvidiaSim/install/torto_interfaces/include/torto_interfaces/torto_interfaces/msg/detail/torto_sim_reset__type_support.hpp\n'}
[16.754921] (torto_interfaces) StdoutLine: {'line': b'-- Symlinking: /home/sirapob/TORTO_NvidiaSim/install/torto_interfaces/include/torto_interfaces/torto_interfaces/msg/rosidl_generator_cpp__visibility_control.hpp\n'}
[16.767663] (torto_interfaces) StdoutLine: {'line': b'-- Symlinking: /home/sirapob/TORTO_NvidiaSim/install/torto_interfaces/include/torto_interfaces/torto_interfaces/msg/torto_ctrl_params.hpp\n'}
[16.781260] (torto_interfaces) StdoutLine: {'line': b'-- Symlinking: /home/sirapob/TORTO_NvidiaSim/install/torto_interfaces/include/torto_interfaces/torto_interfaces/msg/torto_joint_angles.hpp\n'}
[16.783423] (-) TimerEvent: {}
[16.796166] (torto_interfaces) StdoutLine: {'line': b'-- Symlinking: /home/sirapob/TORTO_NvidiaSim/install/torto_interfaces/include/torto_interfaces/torto_interfaces/msg/torto_sim_reset.hpp\n'}
[16.810543] (torto_interfaces) StdoutLine: {'line': b'-- Symlinking: /home/sirapob/TORTO_NvidiaSim/install/torto_interfaces/include/torto_interfaces/torto_interfaces/msg/detail/torto_ctrl_params__rosidl_typesupport_fastrtps_cpp.hpp\n'}
[16.826546] (torto_interfaces) StdoutLine: {'line': b'-- Symlinking: /home/sirapob/TORTO_NvidiaSim/install/torto_interfaces/include/torto_interfaces/torto_interfaces/msg/detail/torto_joint_angles__rosidl_typesupport_fastrtps_cpp.hpp\n'}
[16.841293] (torto_interfaces) StdoutLine: {'line': b'-- Symlinking: /home/sirapob/TORTO_NvidiaSim/install/torto_interfaces/include/torto_interfaces/torto_interfaces/msg/detail/torto_sim_reset__rosidl_typesupport_fastrtps_cpp.hpp\n'}
[16.859582] (torto_interfaces) StdoutLine: {'line': b'-- Symlinking: /home/sirapob/TORTO_NvidiaSim/install/torto_interfaces/include/torto_interfaces/torto_interfaces/msg/rosidl_typesupport_fastrtps_cpp__visibility_control.h\n'}
[16.874689] (torto_interfaces) StdoutLine: {'line': b'-- Symlinking: /home/sirapob/TORTO_NvidiaSim/install/torto_interfaces/include/torto_interfaces/torto_interfaces/msg/detail/torto_ctrl_params__rosidl_typesupport_introspection_cpp.hpp\n'}
[16.883521] (-) TimerEvent: {}
[16.890354] (torto_interfaces) StdoutLine: {'line': b'-- Symlinking: /home/sirapob/TORTO_NvidiaSim/install/torto_interfaces/include/torto_interfaces/torto_interfaces/msg/detail/torto_joint_angles__rosidl_typesupport_introspection_cpp.hpp\n'}
[16.907115] (torto_interfaces) StdoutLine: {'line': b'-- Symlinking: /home/sirapob/TORTO_NvidiaSim/install/torto_interfaces/include/torto_interfaces/torto_interfaces/msg/detail/torto_sim_reset__rosidl_typesupport_introspection_cpp.hpp\n'}
[16.924538] (torto_interfaces) StdoutLine: {'line': b'-- Symlinking: /home/sirapob/TORTO_NvidiaSim/install/torto_interfaces/share/torto_interfaces/environment/pythonpath.sh\n'}
[16.940624] (torto_interfaces) StdoutLine: {'line': b'-- Symlinking: /home/sirapob/TORTO_NvidiaSim/install/torto_interfaces/share/torto_interfaces/environment/pythonpath.dsv\n'}
[16.957277] (torto_interfaces) StdoutLine: {'line': b'-- Symlinking: /home/sirapob/TORTO_NvidiaSim/install/torto_interfaces/local/lib/python3.10/dist-packages/torto_interfaces-0.0.0-py3.10.egg-info/PKG-INFO\n'}
[16.974287] (torto_interfaces) StdoutLine: {'line': b'-- Symlinking: /home/sirapob/TORTO_NvidiaSim/install/torto_interfaces/local/lib/python3.10/dist-packages/torto_interfaces-0.0.0-py3.10.egg-info/SOURCES.txt\n'}
[16.983670] (-) TimerEvent: {}
[16.991028] (torto_interfaces) StdoutLine: {'line': b'-- Symlinking: /home/sirapob/TORTO_NvidiaSim/install/torto_interfaces/local/lib/python3.10/dist-packages/torto_interfaces-0.0.0-py3.10.egg-info/dependency_links.txt\n'}
[17.009984] (torto_interfaces) StdoutLine: {'line': b'-- Symlinking: /home/sirapob/TORTO_NvidiaSim/install/torto_interfaces/local/lib/python3.10/dist-packages/torto_interfaces-0.0.0-py3.10.egg-info/top_level.txt\n'}
[17.030219] (torto_interfaces) StdoutLine: {'line': b'-- Symlinking: /home/sirapob/TORTO_NvidiaSim/install/torto_interfaces/local/lib/python3.10/dist-packages/torto_interfaces/__init__.py\n'}
[17.048828] (torto_interfaces) StdoutLine: {'line': b'-- Symlinking: /home/sirapob/TORTO_NvidiaSim/install/torto_interfaces/local/lib/python3.10/dist-packages/torto_interfaces/_torto_interfaces_s.ep.rosidl_typesupport_c.c\n'}
[17.065623] (torto_interfaces) StdoutLine: {'line': b'-- Symlinking: /home/sirapob/TORTO_NvidiaSim/install/torto_interfaces/local/lib/python3.10/dist-packages/torto_interfaces/_torto_interfaces_s.ep.rosidl_typesupport_fastrtps_c.c\n'}
[17.083731] (-) TimerEvent: {}
[17.084708] (torto_interfaces) StdoutLine: {'line': b'-- Symlinking: /home/sirapob/TORTO_NvidiaSim/install/torto_interfaces/local/lib/python3.10/dist-packages/torto_interfaces/_torto_interfaces_s.ep.rosidl_typesupport_introspection_c.c\n'}
[17.104334] (torto_interfaces) StdoutLine: {'line': b'-- Symlinking: /home/sirapob/TORTO_NvidiaSim/install/torto_interfaces/local/lib/python3.10/dist-packages/torto_interfaces/libtorto_interfaces__rosidl_generator_py.so\n'}
[17.120682] (torto_interfaces) StdoutLine: {'line': b'-- Symlinking: /home/sirapob/TORTO_NvidiaSim/install/torto_interfaces/local/lib/python3.10/dist-packages/torto_interfaces/msg/__init__.py\n'}
[17.137848] (torto_interfaces) StdoutLine: {'line': b'-- Symlinking: /home/sirapob/TORTO_NvidiaSim/install/torto_interfaces/local/lib/python3.10/dist-packages/torto_interfaces/msg/_torto_ctrl_params.py\n'}
[17.154403] (torto_interfaces) StdoutLine: {'line': b'-- Symlinking: /home/sirapob/TORTO_NvidiaSim/install/torto_interfaces/local/lib/python3.10/dist-packages/torto_interfaces/msg/_torto_ctrl_params_s.c\n'}
[17.173475] (torto_interfaces) StdoutLine: {'line': b'-- Symlinking: /home/sirapob/TORTO_NvidiaSim/install/torto_interfaces/local/lib/python3.10/dist-packages/torto_interfaces/msg/_torto_joint_angles.py\n'}
[17.183841] (-) TimerEvent: {}
[17.187181] (torto_interfaces) StdoutLine: {'line': b'-- Symlinking: /home/sirapob/TORTO_NvidiaSim/install/torto_interfaces/local/lib/python3.10/dist-packages/torto_interfaces/msg/_torto_joint_angles_s.c\n'}
[17.204487] (torto_interfaces) StdoutLine: {'line': b'-- Symlinking: /home/sirapob/TORTO_NvidiaSim/install/torto_interfaces/local/lib/python3.10/dist-packages/torto_interfaces/msg/_torto_sim_reset.py\n'}
[17.224191] (torto_interfaces) StdoutLine: {'line': b'-- Symlinking: /home/sirapob/TORTO_NvidiaSim/install/torto_interfaces/local/lib/python3.10/dist-packages/torto_interfaces/msg/_torto_sim_reset_s.c\n'}
[17.245463] (torto_interfaces) StdoutLine: {'line': b'-- Symlinking: /home/sirapob/TORTO_NvidiaSim/install/torto_interfaces/local/lib/python3.10/dist-packages/torto_interfaces/torto_interfaces_s__rosidl_typesupport_c.cpython-310-x86_64-linux-gnu.so\n'}
[17.263295] (torto_interfaces) StdoutLine: {'line': b'-- Symlinking: /home/sirapob/TORTO_NvidiaSim/install/torto_interfaces/local/lib/python3.10/dist-packages/torto_interfaces/torto_interfaces_s__rosidl_typesupport_fastrtps_c.cpython-310-x86_64-linux-gnu.so\n'}
[17.281423] (torto_interfaces) StdoutLine: {'line': b'-- Symlinking: /home/sirapob/TORTO_NvidiaSim/install/torto_interfaces/local/lib/python3.10/dist-packages/torto_interfaces/torto_interfaces_s__rosidl_typesupport_introspection_c.cpython-310-x86_64-linux-gnu.so\n'}
[17.283937] (-) TimerEvent: {}
[17.301174] (torto_interfaces) StdoutLine: {'line': b'-- Up-to-date symlink: /home/sirapob/TORTO_NvidiaSim/install/torto_interfaces/local/lib/python3.10/dist-packages/torto_interfaces/torto_interfaces_s__rosidl_typesupport_fastrtps_c.cpython-310-x86_64-linux-gnu.so\n'}
[17.301789] (torto_interfaces) StdoutLine: {'line': b'-- Up-to-date symlink: /home/sirapob/TORTO_NvidiaSim/install/torto_interfaces/local/lib/python3.10/dist-packages/torto_interfaces/torto_interfaces_s__rosidl_typesupport_introspection_c.cpython-310-x86_64-linux-gnu.so\n'}
[17.302577] (torto_interfaces) StdoutLine: {'line': b'-- Up-to-date symlink: /home/sirapob/TORTO_NvidiaSim/install/torto_interfaces/local/lib/python3.10/dist-packages/torto_interfaces/torto_interfaces_s__rosidl_typesupport_c.cpython-310-x86_64-linux-gnu.so\n'}
[17.303224] (torto_interfaces) StdoutLine: {'line': b'-- Symlinking: /home/sirapob/TORTO_NvidiaSim/install/torto_interfaces/share/torto_interfaces/msg/TortoJointAngles.idl\n'}
[17.319128] (torto_interfaces) StdoutLine: {'line': b'-- Symlinking: /home/sirapob/TORTO_NvidiaSim/install/torto_interfaces/share/torto_interfaces/msg/TortoCtrlParams.idl\n'}
[17.336248] (torto_interfaces) StdoutLine: {'line': b'-- Symlinking: /home/sirapob/TORTO_NvidiaSim/install/torto_interfaces/share/torto_interfaces/msg/TortoSimReset.idl\n'}
[17.354631] (torto_interfaces) StdoutLine: {'line': b'-- Symlinking: /home/sirapob/TORTO_NvidiaSim/install/torto_interfaces/share/torto_interfaces/msg/TortoJointAngles.msg\n'}
[17.373502] (torto_interfaces) StdoutLine: {'line': b'-- Symlinking: /home/sirapob/TORTO_NvidiaSim/install/torto_interfaces/share/torto_interfaces/msg/TortoCtrlParams.msg\n'}
[17.384078] (-) TimerEvent: {}
[17.396389] (torto_interfaces) StdoutLine: {'line': b'-- Symlinking: /home/sirapob/TORTO_NvidiaSim/install/torto_interfaces/share/torto_interfaces/msg/TortoSimReset.msg\n'}
[17.418585] (torto_interfaces) StdoutLine: {'line': b'-- Symlinking: /home/sirapob/TORTO_NvidiaSim/install/torto_interfaces/share/ament_index/resource_index/package_run_dependencies/torto_interfaces\n'}
[17.442304] (torto_interfaces) StdoutLine: {'line': b'-- Symlinking: /home/sirapob/TORTO_NvidiaSim/install/torto_interfaces/share/ament_index/resource_index/parent_prefix_path/torto_interfaces\n'}
[17.467354] (torto_interfaces) StdoutLine: {'line': b'-- Symlinking: /home/sirapob/TORTO_NvidiaSim/install/torto_interfaces/share/torto_interfaces/environment/ament_prefix_path.sh\n'}
[17.484240] (-) TimerEvent: {}
[17.490280] (torto_interfaces) StdoutLine: {'line': b'-- Symlinking: /home/sirapob/TORTO_NvidiaSim/install/torto_interfaces/share/torto_interfaces/environment/ament_prefix_path.dsv\n'}
[17.509747] (torto_interfaces) StdoutLine: {'line': b'-- Symlinking: /home/sirapob/TORTO_NvidiaSim/install/torto_interfaces/share/torto_interfaces/environment/path.sh\n'}
[17.528447] (torto_interfaces) StdoutLine: {'line': b'-- Symlinking: /home/sirapob/TORTO_NvidiaSim/install/torto_interfaces/share/torto_interfaces/environment/path.dsv\n'}
[17.554980] (torto_interfaces) StdoutLine: {'line': b'-- Symlinking: /home/sirapob/TORTO_NvidiaSim/install/torto_interfaces/share/torto_interfaces/local_setup.bash\n'}
[17.572751] (torto_interfaces) StdoutLine: {'line': b'-- Symlinking: /home/sirapob/TORTO_NvidiaSim/install/torto_interfaces/share/torto_interfaces/local_setup.sh\n'}
[17.584385] (-) TimerEvent: {}
[17.594382] (torto_interfaces) StdoutLine: {'line': b'-- Symlinking: /home/sirapob/TORTO_NvidiaSim/install/torto_interfaces/share/torto_interfaces/local_setup.zsh\n'}
[17.616832] (torto_interfaces) StdoutLine: {'line': b'-- Symlinking: /home/sirapob/TORTO_NvidiaSim/install/torto_interfaces/share/torto_interfaces/local_setup.dsv\n'}
[17.639230] (torto_interfaces) StdoutLine: {'line': b'-- Symlinking: /home/sirapob/TORTO_NvidiaSim/install/torto_interfaces/share/torto_interfaces/package.dsv\n'}
[17.658269] (torto_interfaces) StdoutLine: {'line': b'-- Symlinking: /home/sirapob/TORTO_NvidiaSim/install/torto_interfaces/share/ament_index/resource_index/packages/torto_interfaces\n'}
[17.682730] (torto_interfaces) StdoutLine: {'line': b'-- Symlinking: /home/sirapob/TORTO_NvidiaSim/install/torto_interfaces/share/torto_interfaces/cmake/rosidl_cmake-extras.cmake\n'}
[17.684467] (-) TimerEvent: {}
[17.696919] (torto_interfaces) StdoutLine: {'line': b'-- Symlinking: /home/sirapob/TORTO_NvidiaSim/install/torto_interfaces/share/torto_interfaces/cmake/ament_cmake_export_include_directories-extras.cmake\n'}
[17.712625] (torto_interfaces) StdoutLine: {'line': b'-- Symlinking: /home/sirapob/TORTO_NvidiaSim/install/torto_interfaces/share/torto_interfaces/cmake/ament_cmake_export_libraries-extras.cmake\n'}
[17.730492] (torto_interfaces) StdoutLine: {'line': b'-- Symlinking: /home/sirapob/TORTO_NvidiaSim/install/torto_interfaces/share/torto_interfaces/cmake/ament_cmake_export_targets-extras.cmake\n'}
[17.747511] (torto_interfaces) StdoutLine: {'line': b'-- Symlinking: /home/sirapob/TORTO_NvidiaSim/install/torto_interfaces/share/torto_interfaces/cmake/rosidl_cmake_export_typesupport_targets-extras.cmake\n'}
[17.765416] (torto_interfaces) StdoutLine: {'line': b'-- Symlinking: /home/sirapob/TORTO_NvidiaSim/install/torto_interfaces/share/torto_interfaces/cmake/ament_cmake_export_dependencies-extras.cmake\n'}
[17.781665] (torto_interfaces) StdoutLine: {'line': b'-- Symlinking: /home/sirapob/TORTO_NvidiaSim/install/torto_interfaces/share/torto_interfaces/cmake/rosidl_cmake_export_typesupport_libraries-extras.cmake\n'}
[17.784566] (-) TimerEvent: {}
[17.799452] (torto_interfaces) StdoutLine: {'line': b'-- Symlinking: /home/sirapob/TORTO_NvidiaSim/install/torto_interfaces/share/torto_interfaces/cmake/torto_interfacesConfig.cmake\n'}
[17.818720] (torto_interfaces) StdoutLine: {'line': b'-- Symlinking: /home/sirapob/TORTO_NvidiaSim/install/torto_interfaces/share/torto_interfaces/cmake/torto_interfacesConfig-version.cmake\n'}
[17.847703] (torto_interfaces) StdoutLine: {'line': b'-- Symlinking: /home/sirapob/TORTO_NvidiaSim/install/torto_interfaces/share/torto_interfaces/package.xml\n'}
[17.872329] (torto_interfaces) StdoutLine: {'line': b'-- Installing: /home/sirapob/TORTO_NvidiaSim/install/torto_interfaces/lib/libtorto_interfaces__rosidl_generator_c.so\n'}
[17.872913] (torto_interfaces) StdoutLine: {'line': b'-- Set runtime path of "/home/sirapob/TORTO_NvidiaSim/install/torto_interfaces/lib/libtorto_interfaces__rosidl_generator_c.so" to ""\n'}
[17.873260] (torto_interfaces) StdoutLine: {'line': b'-- Installing: /home/sirapob/TORTO_NvidiaSim/install/torto_interfaces/lib/libtorto_interfaces__rosidl_typesupport_fastrtps_c.so\n'}
[17.873926] (torto_interfaces) StdoutLine: {'line': b'-- Set runtime path of "/home/sirapob/TORTO_NvidiaSim/install/torto_interfaces/lib/libtorto_interfaces__rosidl_typesupport_fastrtps_c.so" to ""\n'}
[17.874356] (torto_interfaces) StdoutLine: {'line': b'-- Installing: /home/sirapob/TORTO_NvidiaSim/install/torto_interfaces/lib/libtorto_interfaces__rosidl_typesupport_introspection_c.so\n'}
[17.874887] (torto_interfaces) StdoutLine: {'line': b'-- Set runtime path of "/home/sirapob/TORTO_NvidiaSim/install/torto_interfaces/lib/libtorto_interfaces__rosidl_typesupport_introspection_c.so" to ""\n'}
[17.875366] (torto_interfaces) StdoutLine: {'line': b'-- Installing: /home/sirapob/TORTO_NvidiaSim/install/torto_interfaces/lib/libtorto_interfaces__rosidl_typesupport_c.so\n'}
[17.875921] (torto_interfaces) StdoutLine: {'line': b'-- Set runtime path of "/home/sirapob/TORTO_NvidiaSim/install/torto_interfaces/lib/libtorto_interfaces__rosidl_typesupport_c.so" to ""\n'}
[17.876429] (torto_interfaces) StdoutLine: {'line': b'-- Installing: /home/sirapob/TORTO_NvidiaSim/install/torto_interfaces/lib/libtorto_interfaces__rosidl_typesupport_fastrtps_cpp.so\n'}
[17.877017] (torto_interfaces) StdoutLine: {'line': b'-- Set runtime path of "/home/sirapob/TORTO_NvidiaSim/install/torto_interfaces/lib/libtorto_interfaces__rosidl_typesupport_fastrtps_cpp.so" to ""\n'}
[17.877463] (torto_interfaces) StdoutLine: {'line': b'-- Installing: /home/sirapob/TORTO_NvidiaSim/install/torto_interfaces/lib/libtorto_interfaces__rosidl_typesupport_introspection_cpp.so\n'}
[17.878176] (torto_interfaces) StdoutLine: {'line': b'-- Set runtime path of "/home/sirapob/TORTO_NvidiaSim/install/torto_interfaces/lib/libtorto_interfaces__rosidl_typesupport_introspection_cpp.so" to ""\n'}
[17.879208] (torto_interfaces) StdoutLine: {'line': b'-- Installing: /home/sirapob/TORTO_NvidiaSim/install/torto_interfaces/lib/libtorto_interfaces__rosidl_typesupport_cpp.so\n'}
[17.879557] (torto_interfaces) StdoutLine: {'line': b'-- Set runtime path of "/home/sirapob/TORTO_NvidiaSim/install/torto_interfaces/lib/libtorto_interfaces__rosidl_typesupport_cpp.so" to ""\n'}
[17.884696] (-) TimerEvent: {}
[17.985111] (-) TimerEvent: {}
[17.989070] (torto_interfaces) StdoutLine: {'line': b"Listing '/home/sirapob/TORTO_NvidiaSim/install/torto_interfaces/local/lib/python3.10/dist-packages/torto_interfaces'...\n"}
[17.989317] (torto_interfaces) StdoutLine: {'line': b"Compiling '/home/sirapob/TORTO_NvidiaSim/install/torto_interfaces/local/lib/python3.10/dist-packages/torto_interfaces/__init__.py'...\n"}
[17.989479] (torto_interfaces) StdoutLine: {'line': b"Listing '/home/sirapob/TORTO_NvidiaSim/install/torto_interfaces/local/lib/python3.10/dist-packages/torto_interfaces/msg'...\n"}
[17.989611] (torto_interfaces) StdoutLine: {'line': b"Compiling '/home/sirapob/TORTO_NvidiaSim/install/torto_interfaces/local/lib/python3.10/dist-packages/torto_interfaces/msg/__init__.py'...\n"}
[17.989766] (torto_interfaces) StdoutLine: {'line': b"Compiling '/home/sirapob/TORTO_NvidiaSim/install/torto_interfaces/local/lib/python3.10/dist-packages/torto_interfaces/msg/_torto_ctrl_params.py'...\n"}
[17.989892] (torto_interfaces) StdoutLine: {'line': b"Compiling '/home/sirapob/TORTO_NvidiaSim/install/torto_interfaces/local/lib/python3.10/dist-packages/torto_interfaces/msg/_torto_joint_angles.py'...\n"}
[17.990013] (torto_interfaces) StdoutLine: {'line': b"Compiling '/home/sirapob/TORTO_NvidiaSim/install/torto_interfaces/local/lib/python3.10/dist-packages/torto_interfaces/msg/_torto_sim_reset.py'...\n"}
[18.002153] (torto_interfaces) StdoutLine: {'line': b'-- Installing: /home/sirapob/TORTO_NvidiaSim/install/torto_interfaces/lib/libtorto_interfaces__rosidl_generator_py.so\n'}
[18.002855] (torto_interfaces) StdoutLine: {'line': b'-- Set runtime path of "/home/sirapob/TORTO_NvidiaSim/install/torto_interfaces/lib/libtorto_interfaces__rosidl_generator_py.so" to ""\n'}
[18.003239] (torto_interfaces) StdoutLine: {'line': b'-- Installing: /home/sirapob/TORTO_NvidiaSim/install/torto_interfaces/share/torto_interfaces/cmake/export_torto_interfaces__rosidl_generator_cExport.cmake\n'}
[18.003546] (torto_interfaces) StdoutLine: {'line': b'-- Installing: /home/sirapob/TORTO_NvidiaSim/install/torto_interfaces/share/torto_interfaces/cmake/export_torto_interfaces__rosidl_generator_cExport-noconfig.cmake\n'}
[18.003890] (torto_interfaces) StdoutLine: {'line': b'-- Installing: /home/sirapob/TORTO_NvidiaSim/install/torto_interfaces/share/torto_interfaces/cmake/export_torto_interfaces__rosidl_typesupport_fastrtps_cExport.cmake\n'}
[18.004207] (torto_interfaces) StdoutLine: {'line': b'-- Installing: /home/sirapob/TORTO_NvidiaSim/install/torto_interfaces/share/torto_interfaces/cmake/export_torto_interfaces__rosidl_typesupport_fastrtps_cExport-noconfig.cmake\n'}
[18.004505] (torto_interfaces) StdoutLine: {'line': b'-- Installing: /home/sirapob/TORTO_NvidiaSim/install/torto_interfaces/share/torto_interfaces/cmake/torto_interfaces__rosidl_typesupport_introspection_cExport.cmake\n'}
[18.004805] (torto_interfaces) StdoutLine: {'line': b'-- Installing: /home/sirapob/TORTO_NvidiaSim/install/torto_interfaces/share/torto_interfaces/cmake/torto_interfaces__rosidl_typesupport_introspection_cExport-noconfig.cmake\n'}
[18.005067] (torto_interfaces) StdoutLine: {'line': b'-- Installing: /home/sirapob/TORTO_NvidiaSim/install/torto_interfaces/share/torto_interfaces/cmake/torto_interfaces__rosidl_typesupport_cExport.cmake\n'}
[18.005288] (torto_interfaces) StdoutLine: {'line': b'-- Installing: /home/sirapob/TORTO_NvidiaSim/install/torto_interfaces/share/torto_interfaces/cmake/torto_interfaces__rosidl_typesupport_cExport-noconfig.cmake\n'}
[18.005627] (torto_interfaces) StdoutLine: {'line': b'-- Installing: /home/sirapob/TORTO_NvidiaSim/install/torto_interfaces/share/torto_interfaces/cmake/export_torto_interfaces__rosidl_generator_cppExport.cmake\n'}
[18.005898] (torto_interfaces) StdoutLine: {'line': b'-- Installing: /home/sirapob/TORTO_NvidiaSim/install/torto_interfaces/share/torto_interfaces/cmake/export_torto_interfaces__rosidl_typesupport_fastrtps_cppExport.cmake\n'}
[18.006212] (torto_interfaces) StdoutLine: {'line': b'-- Installing: /home/sirapob/TORTO_NvidiaSim/install/torto_interfaces/share/torto_interfaces/cmake/export_torto_interfaces__rosidl_typesupport_fastrtps_cppExport-noconfig.cmake\n'}
[18.006538] (torto_interfaces) StdoutLine: {'line': b'-- Installing: /home/sirapob/TORTO_NvidiaSim/install/torto_interfaces/share/torto_interfaces/cmake/torto_interfaces__rosidl_typesupport_introspection_cppExport.cmake\n'}
[18.006896] (torto_interfaces) StdoutLine: {'line': b'-- Installing: /home/sirapob/TORTO_NvidiaSim/install/torto_interfaces/share/torto_interfaces/cmake/torto_interfaces__rosidl_typesupport_introspection_cppExport-noconfig.cmake\n'}
[18.007146] (torto_interfaces) StdoutLine: {'line': b'-- Installing: /home/sirapob/TORTO_NvidiaSim/install/torto_interfaces/share/torto_interfaces/cmake/torto_interfaces__rosidl_typesupport_cppExport.cmake\n'}
[18.007464] (torto_interfaces) StdoutLine: {'line': b'-- Installing: /home/sirapob/TORTO_NvidiaSim/install/torto_interfaces/share/torto_interfaces/cmake/torto_interfaces__rosidl_typesupport_cppExport-noconfig.cmake\n'}
[18.008336] (torto_interfaces) StdoutLine: {'line': b'-- Installing: /home/sirapob/TORTO_NvidiaSim/install/torto_interfaces/share/torto_interfaces/cmake/export_torto_interfaces__rosidl_generator_pyExport.cmake\n'}
[18.008633] (torto_interfaces) StdoutLine: {'line': b'-- Installing: /home/sirapob/TORTO_NvidiaSim/install/torto_interfaces/share/torto_interfaces/cmake/export_torto_interfaces__rosidl_generator_pyExport-noconfig.cmake\n'}
[18.012112] (torto_interfaces) CommandEnded: {'returncode': 0}
[18.060585] (torto_interfaces) JobEnded: {'identifier': 'torto_interfaces', 'rc': 0}
[18.062351] (torto_ctrl) JobStarted: {'identifier': 'torto_ctrl'}
[18.085221] (-) TimerEvent: {}
[18.186042] (-) TimerEvent: {}
[18.286744] (-) TimerEvent: {}
[18.387237] (-) TimerEvent: {}
[18.487691] (-) TimerEvent: {}
[18.588137] (-) TimerEvent: {}
[18.688664] (-) TimerEvent: {}
[18.789060] (-) TimerEvent: {}
[18.889465] (-) TimerEvent: {}
[18.989917] (-) TimerEvent: {}
[19.090621] (-) TimerEvent: {}
[19.191025] (-) TimerEvent: {}
[19.291534] (-) TimerEvent: {}
[19.392070] (-) TimerEvent: {}
[19.492517] (-) TimerEvent: {}
[19.592997] (-) TimerEvent: {}
[19.693502] (-) TimerEvent: {}
[19.793980] (-) TimerEvent: {}
[19.894837] (-) TimerEvent: {}
[19.996050] (-) TimerEvent: {}
[20.005544] (torto_ctrl) Command: {'cmd': ['/usr/bin/python3', '-W', 'ignore:setup.py install is deprecated', '-W', 'ignore:easy_install command is deprecated', 'setup.py', 'develop', '--editable', '--build-directory', '/home/sirapob/TORTO_NvidiaSim/build/torto_ctrl/build', '--no-deps', 'symlink_data'], 'cwd': '/home/sirapob/TORTO_NvidiaSim/build/torto_ctrl', 'env': {'GJS_DEBUG_TOPICS': 'JS ERROR;JS LOG', 'LESSOPEN': '| /usr/bin/lesspipe %s', 'USER': 'sirapob', 'LC_TIME': 'th_TH.UTF-8', 'XDG_SESSION_TYPE': 'x11', 'GIT_ASKPASS': '/usr/share/code/resources/app/extensions/git/dist/askpass.sh', 'SHLVL': '1', 'LD_LIBRARY_PATH': '/home/sirapob/TORTO_NvidiaSim/install/torto_interfaces/lib:/opt/ros/humble/opt/rviz_ogre_vendor/lib:/opt/ros/humble/lib/x86_64-linux-gnu:/opt/ros/humble/lib', 'HOME': '/home/sirapob', 'CHROME_DESKTOP': 'code.desktop', 'TERM_PROGRAM_VERSION': '1.97.2', 'DESKTOP_SESSION': 'ubuntu', 'GIO_LAUNCHED_DESKTOP_FILE': '/usr/share/applications/code.desktop', 'ROS_PYTHON_VERSION': '3', 'GNOME_SHELL_SESSION_MODE': 'ubuntu', 'GTK_MODULES': 'gail:atk-bridge', 'VSCODE_GIT_ASKPASS_MAIN': '/usr/share/code/resources/app/extensions/git/dist/askpass-main.js', 'LC_MONETARY': 'th_TH.UTF-8', 'VSCODE_GIT_ASKPASS_NODE': '/usr/share/code/code', 'MANAGERPID': '1796', 'PYDEVD_DISABLE_FILE_VALIDATION': '1', 'SYSTEMD_EXEC_PID': '2140', 'BUNDLED_DEBUGPY_PATH': '/home/sirapob/.vscode/extensions/ms-python.debugpy-2025.8.0-linux-x64/bundled/libs/debugpy', 'DBUS_SESSION_BUS_ADDRESS': 'unix:path=/run/user/1000/bus', 'COLORTERM': 'truecolor', 'GIO_LAUNCHED_DESKTOP_FILE_PID': '4854', 'COLCON_PREFIX_PATH': '/home/sirapob/TORTO_NvidiaSim/install:/home/sirapob/isaacsim/isaac_ros_ws/install', 'ROS_DISTRO': 'humble', 'GTK_IM_MODULE': 'ibus', 'LOGNAME': 'sirapob', 'JOURNAL_STREAM': '8:12909', '_': '/usr/bin/colcon', 'ROS_VERSION': '2', 'XDG_SESSION_CLASS': 'user', 'USERNAME': 'sirapob', 'TERM': 'xterm-256color', 'GNOME_DESKTOP_SESSION_ID': 'this-is-deprecated', 'ROS_LOCALHOST_ONLY': '0', 'WINDOWPATH': '2', 'PATH': '/home/sirapob/.local/bin:/opt/ros/humble/bin:/home/sirapob/.local/bin:/usr/local/sbin:/usr/local/bin:/usr/sbin:/usr/bin:/sbin:/bin:/usr/games:/usr/local/games:/snap/bin:/snap/bin:/home/sirapob/.vscode/extensions/ms-python.debugpy-2025.8.0-linux-x64/bundled/scripts/noConfigScripts', 'SESSION_MANAGER': 'local/sirapob-ROG-Strix-G732LXS-G742LXS:@/tmp/.ICE-unix/2113,unix/sirapob-ROG-Strix-G732LXS-G742LXS:/tmp/.ICE-unix/2113', 'INVOCATION_ID': '9188ecfe137840c68e3ba7c42310f545', 'XDG_MENU_PREFIX': 'gnome-', 'LC_ADDRESS': 'th_TH.UTF-8', 'XDG_RUNTIME_DIR': '/run/user/1000', 'GDK_BACKEND': 'x11', 'DISPLAY': ':1', 'VSCODE_DEBUGPY_ADAPTER_ENDPOINTS': '/home/sirapob/.vscode/extensions/ms-python.debugpy-2025.8.0-linux-x64/.noConfigDebugAdapterEndpoints/endpoint-08ece0a135d34187.txt', 'LANG': 'en_US.UTF-8', 'XDG_CURRENT_DESKTOP': 'Unity', 'LC_TELEPHONE': 'th_TH.UTF-8', 'XMODIFIERS': '@im=ibus', 'XDG_SESSION_DESKTOP': 'ubuntu', 'XAUTHORITY': '/run/user/1000/gdm/Xauthority', 'LS_COLORS': 'rs=0:di=01;34:ln=01;36:mh=00:pi=40;33:so=01;35:do=01;35:bd=40;33;01:cd=40;33;01:or=40;31;01:mi=00:su=37;41:sg=30;43:ca=30;41:tw=30;42:ow=34;42:st=37;44:ex=01;32:*.tar=01;31:*.tgz=01;31:*.arc=01;31:*.arj=01;31:*.taz=01;31:*.lha=01;31:*.lz4=01;31:*.lzh=01;31:*.lzma=01;31:*.tlz=01;31:*.txz=01;31:*.tzo=01;31:*.t7z=01;31:*.zip=01;31:*.z=01;31:*.dz=01;31:*.gz=01;31:*.lrz=01;31:*.lz=01;31:*.lzo=01;31:*.xz=01;31:*.zst=01;31:*.tzst=01;31:*.bz2=01;31:*.bz=01;31:*.tbz=01;31:*.tbz2=01;31:*.tz=01;31:*.deb=01;31:*.rpm=01;31:*.jar=01;31:*.war=01;31:*.ear=01;31:*.sar=01;31:*.rar=01;31:*.alz=01;31:*.ace=01;31:*.zoo=01;31:*.cpio=01;31:*.7z=01;31:*.rz=01;31:*.cab=01;31:*.wim=01;31:*.swm=01;31:*.dwm=01;31:*.esd=01;31:*.jpg=01;35:*.jpeg=01;35:*.mjpg=01;35:*.mjpeg=01;35:*.gif=01;35:*.bmp=01;35:*.pbm=01;35:*.pgm=01;35:*.ppm=01;35:*.tga=01;35:*.xbm=01;35:*.xpm=01;35:*.tif=01;35:*.tiff=01;35:*.png=01;35:*.svg=01;35:*.svgz=01;35:*.mng=01;35:*.pcx=01;35:*.mov=01;35:*.mpg=01;35:*.mpeg=01;35:*.m2v=01;35:*.mkv=01;35:*.webm=01;35:*.webp=01;35:*.ogm=01;35:*.mp4=01;35:*.m4v=01;35:*.mp4v=01;35:*.vob=01;35:*.qt=01;35:*.nuv=01;35:*.wmv=01;35:*.asf=01;35:*.rm=01;35:*.rmvb=01;35:*.flc=01;35:*.avi=01;35:*.fli=01;35:*.flv=01;35:*.gl=01;35:*.dl=01;35:*.xcf=01;35:*.xwd=01;35:*.yuv=01;35:*.cgm=01;35:*.emf=01;35:*.ogv=01;35:*.ogx=01;35:*.aac=00;36:*.au=00;36:*.flac=00;36:*.m4a=00;36:*.mid=00;36:*.midi=00;36:*.mka=00;36:*.mp3=00;36:*.mpc=00;36:*.ogg=00;36:*.ra=00;36:*.wav=00;36:*.oga=00;36:*.opus=00;36:*.spx=00;36:*.xspf=00;36:', 'VSCODE_GIT_IPC_HANDLE': '/run/user/1000/vscode-git-aa4929aee5.sock', 'TERM_PROGRAM': 'vscode', 'SSH_AGENT_LAUNCHER': 'gnome-keyring', 'SSH_AUTH_SOCK': '/run/user/1000/keyring/ssh', 'AMENT_PREFIX_PATH': '/home/sirapob/TORTO_NvidiaSim/install/torto_bringup:/home/sirapob/TORTO_NvidiaSim/install/torto_sim_ctrl:/home/sirapob/TORTO_NvidiaSim/install/torto_rl_pkg:/home/sirapob/TORTO_NvidiaSim/install/torto_odometry:/home/sirapob/TORTO_NvidiaSim/install/torto_ctrl:/home/sirapob/TORTO_NvidiaSim/install/torto_interfaces:/home/sirapob/TORTO_NvidiaSim/install/torto_input_handle:/home/sirapob/TORTO_NvidiaSim/install/torto_hardware:/home/sirapob/TORTO_NvidiaSim/install/torto_description:/home/sirapob/isaacsim/isaac_ros_ws/install/reset_listener_pkg:/opt/ros/humble', 'ORIGINAL_XDG_CURRENT_DESKTOP': 'ubuntu:GNOME', 'SHELL': '/bin/bash', 'LC_NAME': 'th_TH.UTF-8', 'QT_ACCESSIBILITY': '1', 'GDMSESSION': 'ubuntu', 'LESSCLOSE': '/usr/bin/lesspipe %s %s', 'LC_MEASUREMENT': 'th_TH.UTF-8', 'GPG_AGENT_INFO': '/run/user/1000/gnupg/S.gpg-agent:0:1', 'GJS_DEBUG_OUTPUT': 'stderr', 'LC_IDENTIFICATION': 'th_TH.UTF-8', 'VSCODE_GIT_ASKPASS_EXTRA_ARGS': '', 'QT_IM_MODULE': 'ibus', 'PWD': '/home/sirapob/TORTO_NvidiaSim/build/torto_ctrl', 'XDG_CONFIG_DIRS': '/etc/xdg/xdg-ubuntu:/etc/xdg', 'XDG_DATA_DIRS': '/usr/share/ubuntu:/usr/share/gnome:/usr/local/share/:/usr/share/:/var/lib/snapd/desktop', 'PYTHONPATH': '/home/sirapob/TORTO_NvidiaSim/build/torto_ctrl/prefix_override:/usr/lib/python3/dist-packages/colcon_core/task/python/colcon_distutils_commands:/home/sirapob/TORTO_NvidiaSim/install/torto_ctrl/lib/python3.10/site-packages:/home/sirapob/TORTO_NvidiaSim/build/torto_hardware:/home/sirapob/TORTO_NvidiaSim/install/torto_sim_ctrl/lib/python3.10/site-packages:/home/sirapob/TORTO_NvidiaSim/install/torto_rl_pkg/lib/python3.10/site-packages:/home/sirapob/TORTO_NvidiaSim/install/torto_odometry/lib/python3.10/site-packages:/home/sirapob/TORTO_NvidiaSim/install/torto_ctrl/lib/python3.10/site-packages:/home/sirapob/TORTO_NvidiaSim/install/torto_interfaces/local/lib/python3.10/dist-packages:/home/sirapob/TORTO_NvidiaSim/install/torto_input_handle/lib/python3.10/site-packages:/home/sirapob/TORTO_NvidiaSim/install/torto_hardware/lib/python3.10/site-packages:/home/sirapob/isaacsim/isaac_ros_ws/build/reset_listener_pkg:/home/sirapob/isaacsim/isaac_ros_ws/install/reset_listener_pkg/lib/python3.10/site-packages:/opt/ros/humble/lib/python3.10/site-packages:/opt/ros/humble/local/lib/python3.10/dist-packages', 'LC_NUMERIC': 'th_TH.UTF-8', 'LC_PAPER': 'th_TH.UTF-8', 'COLCON': '1', 'CMAKE_PREFIX_PATH': '/home/sirapob/TORTO_NvidiaSim/install/torto_interfaces:/home/sirapob/TORTO_NvidiaSim/install/torto_bringup:/home/sirapob/TORTO_NvidiaSim/install/torto_description'}, 'shell': False}
[20.096171] (-) TimerEvent: {}
[20.196630] (-) TimerEvent: {}
[20.297189] (-) TimerEvent: {}
[20.397624] (-) TimerEvent: {}
[20.498071] (-) TimerEvent: {}
[20.598463] (-) TimerEvent: {}
[20.699484] (-) TimerEvent: {}
[20.800210] (-) TimerEvent: {}
[20.865302] (torto_ctrl) StdoutLine: {'line': b'running develop\n'}
[20.900325] (-) TimerEvent: {}
[21.000737] (-) TimerEvent: {}
[21.101256] (-) TimerEvent: {}
[21.201878] (-) TimerEvent: {}
[21.302340] (-) TimerEvent: {}
[21.402804] (-) TimerEvent: {}
[21.445782] (torto_ctrl) StdoutLine: {'line': b'running egg_info\n'}
[21.446412] (torto_ctrl) StdoutLine: {'line': b'creating torto_ctrl.egg-info\n'}
[21.449359] (torto_ctrl) StdoutLine: {'line': b'writing torto_ctrl.egg-info/PKG-INFO\n'}
[21.449854] (torto_ctrl) StdoutLine: {'line': b'writing dependency_links to torto_ctrl.egg-info/dependency_links.txt\n'}
[21.450227] (torto_ctrl) StdoutLine: {'line': b'writing entry points to torto_ctrl.egg-info/entry_points.txt\n'}
[21.450566] (torto_ctrl) StdoutLine: {'line': b'writing requirements to torto_ctrl.egg-info/requires.txt\n'}
[21.450944] (torto_ctrl) StdoutLine: {'line': b'writing top-level names to torto_ctrl.egg-info/top_level.txt\n'}
[21.451285] (torto_ctrl) StdoutLine: {'line': b"writing manifest file 'torto_ctrl.egg-info/SOURCES.txt'\n"}
[21.456080] (torto_ctrl) StdoutLine: {'line': b"reading manifest file 'torto_ctrl.egg-info/SOURCES.txt'\n"}
[21.461911] (torto_ctrl) StdoutLine: {'line': b"writing manifest file 'torto_ctrl.egg-info/SOURCES.txt'\n"}
[21.468490] (torto_ctrl) StdoutLine: {'line': b'running build_ext\n'}
[21.469381] (torto_ctrl) StdoutLine: {'line': b'Creating /home/sirapob/TORTO_NvidiaSim/install/torto_ctrl/lib/python3.10/site-packages/torto-ctrl.egg-link (link to .)\n'}
[21.473261] (torto_ctrl) StdoutLine: {'line': b'Installing torto_controller_node script to /home/sirapob/TORTO_NvidiaSim/install/torto_ctrl/lib/torto_ctrl\n'}
[21.473926] (torto_ctrl) StdoutLine: {'line': b'\n'}
[21.474314] (torto_ctrl) StdoutLine: {'line': b'Installed /home/sirapob/TORTO_NvidiaSim/build/torto_ctrl\n'}
[21.474553] (torto_ctrl) StdoutLine: {'line': b'running symlink_data\n'}
[21.474825] (torto_ctrl) StdoutLine: {'line': b'creating /home/sirapob/TORTO_NvidiaSim/install/torto_ctrl/share/ament_index\n'}
[21.475243] (torto_ctrl) StdoutLine: {'line': b'creating /home/sirapob/TORTO_NvidiaSim/install/torto_ctrl/share/ament_index/resource_index\n'}
[21.475516] (torto_ctrl) StdoutLine: {'line': b'creating /home/sirapob/TORTO_NvidiaSim/install/torto_ctrl/share/ament_index/resource_index/packages\n'}
[21.475892] (torto_ctrl) StdoutLine: {'line': b'symbolically linking /home/sirapob/TORTO_NvidiaSim/build/torto_ctrl/resource/torto_ctrl -> /home/sirapob/TORTO_NvidiaSim/install/torto_ctrl/share/ament_index/resource_index/packages\n'}
[21.476182] (torto_ctrl) StdoutLine: {'line': b'symbolically linking /home/sirapob/TORTO_NvidiaSim/build/torto_ctrl/package.xml -> /home/sirapob/TORTO_NvidiaSim/install/torto_ctrl/share/torto_ctrl\n'}
[21.502957] (-) TimerEvent: {}
[21.567825] (torto_ctrl) CommandEnded: {'returncode': 0}
[21.595627] (torto_ctrl) JobEnded: {'identifier': 'torto_ctrl', 'rc': 0}
[21.598268] (torto_bringup) JobStarted: {'identifier': 'torto_bringup'}
[21.603819] (-) TimerEvent: {}
[21.641078] (torto_bringup) JobProgress: {'identifier': 'torto_bringup', 'progress': 'cmake'}
[21.642133] (torto_bringup) Command: {'cmd': ['/usr/bin/cmake', '/home/sirapob/TORTO_NvidiaSim/src/torto_bringup', '-DAMENT_CMAKE_SYMLINK_INSTALL=1', '-DCMAKE_INSTALL_PREFIX=/home/sirapob/TORTO_NvidiaSim/install/torto_bringup'], 'cwd': '/home/sirapob/TORTO_NvidiaSim/build/torto_bringup', 'env': OrderedDict([('GJS_DEBUG_TOPICS', 'JS ERROR;JS LOG'), ('LESSOPEN', '| /usr/bin/lesspipe %s'), ('USER', 'sirapob'), ('LC_TIME', 'th_TH.UTF-8'), ('XDG_SESSION_TYPE', 'x11'), ('GIT_ASKPASS', '/usr/share/code/resources/app/extensions/git/dist/askpass.sh'), ('SHLVL', '1'), ('LD_LIBRARY_PATH', '/home/sirapob/TORTO_NvidiaSim/install/torto_interfaces/lib:/opt/ros/humble/opt/rviz_ogre_vendor/lib:/opt/ros/humble/lib/x86_64-linux-gnu:/opt/ros/humble/lib'), ('HOME', '/home/sirapob'), ('CHROME_DESKTOP', 'code.desktop'), ('TERM_PROGRAM_VERSION', '1.97.2'), ('DESKTOP_SESSION', 'ubuntu'), ('GIO_LAUNCHED_DESKTOP_FILE', '/usr/share/applications/code.desktop'), ('ROS_PYTHON_VERSION', '3'), ('GNOME_SHELL_SESSION_MODE', 'ubuntu'), ('GTK_MODULES', 'gail:atk-bridge'), ('VSCODE_GIT_ASKPASS_MAIN', '/usr/share/code/resources/app/extensions/git/dist/askpass-main.js'), ('LC_MONETARY', 'th_TH.UTF-8'), ('VSCODE_GIT_ASKPASS_NODE', '/usr/share/code/code'), ('MANAGERPID', '1796'), ('PYDEVD_DISABLE_FILE_VALIDATION', '1'), ('SYSTEMD_EXEC_PID', '2140'), ('BUNDLED_DEBUGPY_PATH', '/home/sirapob/.vscode/extensions/ms-python.debugpy-2025.8.0-linux-x64/bundled/libs/debugpy'), ('DBUS_SESSION_BUS_ADDRESS', 'unix:path=/run/user/1000/bus'), ('COLORTERM', 'truecolor'), ('GIO_LAUNCHED_DESKTOP_FILE_PID', '4854'), ('COLCON_PREFIX_PATH', '/home/sirapob/TORTO_NvidiaSim/install:/home/sirapob/isaacsim/isaac_ros_ws/install'), ('ROS_DISTRO', 'humble'), ('GTK_IM_MODULE', 'ibus'), ('LOGNAME', 'sirapob'), ('JOURNAL_STREAM', '8:12909'), ('_', '/usr/bin/colcon'), ('ROS_VERSION', '2'), ('XDG_SESSION_CLASS', 'user'), ('USERNAME', 'sirapob'), ('TERM', 'xterm-256color'), ('GNOME_DESKTOP_SESSION_ID', 'this-is-deprecated'), ('ROS_LOCALHOST_ONLY', '0'), ('WINDOWPATH', '2'), ('PATH', '/home/sirapob/.local/bin:/opt/ros/humble/bin:/home/sirapob/.local/bin:/usr/local/sbin:/usr/local/bin:/usr/sbin:/usr/bin:/sbin:/bin:/usr/games:/usr/local/games:/snap/bin:/snap/bin:/home/sirapob/.vscode/extensions/ms-python.debugpy-2025.8.0-linux-x64/bundled/scripts/noConfigScripts'), ('SESSION_MANAGER', 'local/sirapob-ROG-Strix-G732LXS-G742LXS:@/tmp/.ICE-unix/2113,unix/sirapob-ROG-Strix-G732LXS-G742LXS:/tmp/.ICE-unix/2113'), ('INVOCATION_ID', '9188ecfe137840c68e3ba7c42310f545'), ('XDG_MENU_PREFIX', 'gnome-'), ('LC_ADDRESS', 'th_TH.UTF-8'), ('XDG_RUNTIME_DIR', '/run/user/1000'), ('GDK_BACKEND', 'x11'), ('DISPLAY', ':1'), ('VSCODE_DEBUGPY_ADAPTER_ENDPOINTS', '/home/sirapob/.vscode/extensions/ms-python.debugpy-2025.8.0-linux-x64/.noConfigDebugAdapterEndpoints/endpoint-08ece0a135d34187.txt'), ('LANG', 'en_US.UTF-8'), ('XDG_CURRENT_DESKTOP', 'Unity'), ('LC_TELEPHONE', 'th_TH.UTF-8'), ('XMODIFIERS', '@im=ibus'), ('XDG_SESSION_DESKTOP', 'ubuntu'), ('XAUTHORITY', '/run/user/1000/gdm/Xauthority'), ('LS_COLORS', 'rs=0:di=01;34:ln=01;36:mh=00:pi=40;33:so=01;35:do=01;35:bd=40;33;01:cd=40;33;01:or=40;31;01:mi=00:su=37;41:sg=30;43:ca=30;41:tw=30;42:ow=34;42:st=37;44:ex=01;32:*.tar=01;31:*.tgz=01;31:*.arc=01;31:*.arj=01;31:*.taz=01;31:*.lha=01;31:*.lz4=01;31:*.lzh=01;31:*.lzma=01;31:*.tlz=01;31:*.txz=01;31:*.tzo=01;31:*.t7z=01;31:*.zip=01;31:*.z=01;31:*.dz=01;31:*.gz=01;31:*.lrz=01;31:*.lz=01;31:*.lzo=01;31:*.xz=01;31:*.zst=01;31:*.tzst=01;31:*.bz2=01;31:*.bz=01;31:*.tbz=01;31:*.tbz2=01;31:*.tz=01;31:*.deb=01;31:*.rpm=01;31:*.jar=01;31:*.war=01;31:*.ear=01;31:*.sar=01;31:*.rar=01;31:*.alz=01;31:*.ace=01;31:*.zoo=01;31:*.cpio=01;31:*.7z=01;31:*.rz=01;31:*.cab=01;31:*.wim=01;31:*.swm=01;31:*.dwm=01;31:*.esd=01;31:*.jpg=01;35:*.jpeg=01;35:*.mjpg=01;35:*.mjpeg=01;35:*.gif=01;35:*.bmp=01;35:*.pbm=01;35:*.pgm=01;35:*.ppm=01;35:*.tga=01;35:*.xbm=01;35:*.xpm=01;35:*.tif=01;35:*.tiff=01;35:*.png=01;35:*.svg=01;35:*.svgz=01;35:*.mng=01;35:*.pcx=01;35:*.mov=01;35:*.mpg=01;35:*.mpeg=01;35:*.m2v=01;35:*.mkv=01;35:*.webm=01;35:*.webp=01;35:*.ogm=01;35:*.mp4=01;35:*.m4v=01;35:*.mp4v=01;35:*.vob=01;35:*.qt=01;35:*.nuv=01;35:*.wmv=01;35:*.asf=01;35:*.rm=01;35:*.rmvb=01;35:*.flc=01;35:*.avi=01;35:*.fli=01;35:*.flv=01;35:*.gl=01;35:*.dl=01;35:*.xcf=01;35:*.xwd=01;35:*.yuv=01;35:*.cgm=01;35:*.emf=01;35:*.ogv=01;35:*.ogx=01;35:*.aac=00;36:*.au=00;36:*.flac=00;36:*.m4a=00;36:*.mid=00;36:*.midi=00;36:*.mka=00;36:*.mp3=00;36:*.mpc=00;36:*.ogg=00;36:*.ra=00;36:*.wav=00;36:*.oga=00;36:*.opus=00;36:*.spx=00;36:*.xspf=00;36:'), ('VSCODE_GIT_IPC_HANDLE', '/run/user/1000/vscode-git-aa4929aee5.sock'), ('TERM_PROGRAM', 'vscode'), ('SSH_AGENT_LAUNCHER', 'gnome-keyring'), ('SSH_AUTH_SOCK', '/run/user/1000/keyring/ssh'), ('AMENT_PREFIX_PATH', '/home/sirapob/TORTO_NvidiaSim/install/torto_ctrl:/home/sirapob/TORTO_NvidiaSim/install/torto_sim_ctrl:/home/sirapob/TORTO_NvidiaSim/install/torto_odometry:/home/sirapob/TORTO_NvidiaSim/install/torto_input_handle:/home/sirapob/TORTO_NvidiaSim/install/torto_hardware:/home/sirapob/TORTO_NvidiaSim/install/torto_bringup:/home/sirapob/TORTO_NvidiaSim/install/torto_rl_pkg:/home/sirapob/TORTO_NvidiaSim/install/torto_interfaces:/home/sirapob/TORTO_NvidiaSim/install/torto_description:/home/sirapob/isaacsim/isaac_ros_ws/install/reset_listener_pkg:/opt/ros/humble'), ('ORIGINAL_XDG_CURRENT_DESKTOP', 'ubuntu:GNOME'), ('SHELL', '/bin/bash'), ('LC_NAME', 'th_TH.UTF-8'), ('QT_ACCESSIBILITY', '1'), ('GDMSESSION', 'ubuntu'), ('LESSCLOSE', '/usr/bin/lesspipe %s %s'), ('LC_MEASUREMENT', 'th_TH.UTF-8'), ('GPG_AGENT_INFO', '/run/user/1000/gnupg/S.gpg-agent:0:1'), ('GJS_DEBUG_OUTPUT', 'stderr'), ('LC_IDENTIFICATION', 'th_TH.UTF-8'), ('VSCODE_GIT_ASKPASS_EXTRA_ARGS', ''), ('QT_IM_MODULE', 'ibus'), ('PWD', '/home/sirapob/TORTO_NvidiaSim/build/torto_bringup'), ('XDG_CONFIG_DIRS', '/etc/xdg/xdg-ubuntu:/etc/xdg'), ('XDG_DATA_DIRS', '/usr/share/ubuntu:/usr/share/gnome:/usr/local/share/:/usr/share/:/var/lib/snapd/desktop'), ('PYTHONPATH', '/home/sirapob/TORTO_NvidiaSim/build/torto_ctrl:/home/sirapob/TORTO_NvidiaSim/install/torto_ctrl/lib/python3.10/site-packages:/home/sirapob/TORTO_NvidiaSim/build/torto_sim_ctrl:/home/sirapob/TORTO_NvidiaSim/install/torto_sim_ctrl/lib/python3.10/site-packages:/home/sirapob/TORTO_NvidiaSim/build/torto_odometry:/home/sirapob/TORTO_NvidiaSim/install/torto_odometry/lib/python3.10/site-packages:/home/sirapob/TORTO_NvidiaSim/build/torto_input_handle:/home/sirapob/TORTO_NvidiaSim/install/torto_input_handle/lib/python3.10/site-packages:/home/sirapob/TORTO_NvidiaSim/build/torto_hardware:/home/sirapob/TORTO_NvidiaSim/install/torto_hardware/lib/python3.10/site-packages:/home/sirapob/TORTO_NvidiaSim/install/torto_rl_pkg/lib/python3.10/site-packages:/home/sirapob/TORTO_NvidiaSim/install/torto_interfaces/local/lib/python3.10/dist-packages:/home/sirapob/isaacsim/isaac_ros_ws/build/reset_listener_pkg:/home/sirapob/isaacsim/isaac_ros_ws/install/reset_listener_pkg/lib/python3.10/site-packages:/opt/ros/humble/lib/python3.10/site-packages:/opt/ros/humble/local/lib/python3.10/dist-packages'), ('LC_NUMERIC', 'th_TH.UTF-8'), ('LC_PAPER', 'th_TH.UTF-8'), ('COLCON', '1'), ('CMAKE_PREFIX_PATH', '/home/sirapob/TORTO_NvidiaSim/install/torto_interfaces:/home/sirapob/TORTO_NvidiaSim/install/torto_bringup:/home/sirapob/TORTO_NvidiaSim/install/torto_description:/home/sirapob/TORTO_NvidiaSim/install/torto_sim_ctrl:/home/sirapob/TORTO_NvidiaSim/install/torto_rl_pkg:/home/sirapob/TORTO_NvidiaSim/install/torto_odometry:/home/sirapob/TORTO_NvidiaSim/install/torto_ctrl:/home/sirapob/TORTO_NvidiaSim/install/torto_input_handle:/home/sirapob/TORTO_NvidiaSim/install/torto_hardware:/home/sirapob/isaacsim/isaac_ros_ws/install/reset_listener_pkg:/opt/ros/humble')]), 'shell': False}
[21.703965] (-) TimerEvent: {}
[21.790768] (torto_bringup) StdoutLine: {'line': b'-- The C compiler identification is GNU 11.4.0\n'}
[21.804085] (-) TimerEvent: {}
[21.904565] (-) TimerEvent: {}
[21.924450] (torto_bringup) StdoutLine: {'line': b'-- The CXX compiler identification is GNU 11.4.0\n'}
[21.938724] (torto_bringup) StdoutLine: {'line': b'-- Detecting C compiler ABI info\n'}
[22.004743] (-) TimerEvent: {}
[22.105344] (-) TimerEvent: {}
[22.110528] (torto_bringup) StdoutLine: {'line': b'-- Detecting C compiler ABI info - done\n'}
[22.134548] (torto_bringup) StdoutLine: {'line': b'-- Check for working C compiler: /usr/bin/cc - skipped\n'}
[22.135094] (torto_bringup) StdoutLine: {'line': b'-- Detecting C compile features\n'}
[22.136248] (torto_bringup) StdoutLine: {'line': b'-- Detecting C compile features - done\n'}
[22.144456] (torto_bringup) StdoutLine: {'line': b'-- Detecting CXX compiler ABI info\n'}
[22.207092] (-) TimerEvent: {}
[22.307725] (-) TimerEvent: {}
[22.375192] (torto_bringup) StdoutLine: {'line': b'-- Detecting CXX compiler ABI info - done\n'}
[22.407829] (-) TimerEvent: {}
[22.408258] (torto_bringup) StdoutLine: {'line': b'-- Check for working CXX compiler: /usr/bin/c++ - skipped\n'}
[22.408990] (torto_bringup) StdoutLine: {'line': b'-- Detecting CXX compile features\n'}
[22.411226] (torto_bringup) StdoutLine: {'line': b'-- Detecting CXX compile features - done\n'}
[22.420165] (torto_bringup) StdoutLine: {'line': b'-- Found ament_cmake: 1.3.11 (/opt/ros/humble/share/ament_cmake/cmake)\n'}
[22.507988] (-) TimerEvent: {}
[22.608478] (-) TimerEvent: {}
[22.709153] (-) TimerEvent: {}
[22.809747] (-) TimerEvent: {}
[22.910250] (-) TimerEvent: {}
[22.944582] (torto_bringup) StdoutLine: {'line': b'-- Found Python3: /usr/bin/python3 (found version "3.10.12") found components: Interpreter \n'}
[23.010379] (-) TimerEvent: {}
[23.110868] (-) TimerEvent: {}
[23.154299] (torto_bringup) StdoutLine: {'line': b'-- Override CMake install command with custom implementation using symlinks instead of copying resources\n'}
[23.211000] (-) TimerEvent: {}
[23.312045] (-) TimerEvent: {}
[23.412450] (-) TimerEvent: {}
[23.429917] (torto_bringup) StdoutLine: {'line': b'-- Configuring done\n'}
[23.436054] (torto_bringup) StdoutLine: {'line': b'-- Generating done\n'}
[23.439866] (torto_bringup) StdoutLine: {'line': b'-- Build files have been written to: /home/sirapob/TORTO_NvidiaSim/build/torto_bringup\n'}
[23.450678] (torto_bringup) CommandEnded: {'returncode': 0}
[23.451891] (torto_bringup) JobProgress: {'identifier': 'torto_bringup', 'progress': 'build'}
[23.451981] (torto_bringup) Command: {'cmd': ['/usr/bin/cmake', '--build', '/home/sirapob/TORTO_NvidiaSim/build/torto_bringup', '--', '-j16', '-l16'], 'cwd': '/home/sirapob/TORTO_NvidiaSim/build/torto_bringup', 'env': OrderedDict([('GJS_DEBUG_TOPICS', 'JS ERROR;JS LOG'), ('LESSOPEN', '| /usr/bin/lesspipe %s'), ('USER', 'sirapob'), ('LC_TIME', 'th_TH.UTF-8'), ('XDG_SESSION_TYPE', 'x11'), ('GIT_ASKPASS', '/usr/share/code/resources/app/extensions/git/dist/askpass.sh'), ('SHLVL', '1'), ('LD_LIBRARY_PATH', '/home/sirapob/TORTO_NvidiaSim/install/torto_interfaces/lib:/opt/ros/humble/opt/rviz_ogre_vendor/lib:/opt/ros/humble/lib/x86_64-linux-gnu:/opt/ros/humble/lib'), ('HOME', '/home/sirapob'), ('CHROME_DESKTOP', 'code.desktop'), ('TERM_PROGRAM_VERSION', '1.97.2'), ('DESKTOP_SESSION', 'ubuntu'), ('GIO_LAUNCHED_DESKTOP_FILE', '/usr/share/applications/code.desktop'), ('ROS_PYTHON_VERSION', '3'), ('GNOME_SHELL_SESSION_MODE', 'ubuntu'), ('GTK_MODULES', 'gail:atk-bridge'), ('VSCODE_GIT_ASKPASS_MAIN', '/usr/share/code/resources/app/extensions/git/dist/askpass-main.js'), ('LC_MONETARY', 'th_TH.UTF-8'), ('VSCODE_GIT_ASKPASS_NODE', '/usr/share/code/code'), ('MANAGERPID', '1796'), ('PYDEVD_DISABLE_FILE_VALIDATION', '1'), ('SYSTEMD_EXEC_PID', '2140'), ('BUNDLED_DEBUGPY_PATH', '/home/sirapob/.vscode/extensions/ms-python.debugpy-2025.8.0-linux-x64/bundled/libs/debugpy'), ('DBUS_SESSION_BUS_ADDRESS', 'unix:path=/run/user/1000/bus'), ('COLORTERM', 'truecolor'), ('GIO_LAUNCHED_DESKTOP_FILE_PID', '4854'), ('COLCON_PREFIX_PATH', '/home/sirapob/TORTO_NvidiaSim/install:/home/sirapob/isaacsim/isaac_ros_ws/install'), ('ROS_DISTRO', 'humble'), ('GTK_IM_MODULE', 'ibus'), ('LOGNAME', 'sirapob'), ('JOURNAL_STREAM', '8:12909'), ('_', '/usr/bin/colcon'), ('ROS_VERSION', '2'), ('XDG_SESSION_CLASS', 'user'), ('USERNAME', 'sirapob'), ('TERM', 'xterm-256color'), ('GNOME_DESKTOP_SESSION_ID', 'this-is-deprecated'), ('ROS_LOCALHOST_ONLY', '0'), ('WINDOWPATH', '2'), ('PATH', '/home/sirapob/.local/bin:/opt/ros/humble/bin:/home/sirapob/.local/bin:/usr/local/sbin:/usr/local/bin:/usr/sbin:/usr/bin:/sbin:/bin:/usr/games:/usr/local/games:/snap/bin:/snap/bin:/home/sirapob/.vscode/extensions/ms-python.debugpy-2025.8.0-linux-x64/bundled/scripts/noConfigScripts'), ('SESSION_MANAGER', 'local/sirapob-ROG-Strix-G732LXS-G742LXS:@/tmp/.ICE-unix/2113,unix/sirapob-ROG-Strix-G732LXS-G742LXS:/tmp/.ICE-unix/2113'), ('INVOCATION_ID', '9188ecfe137840c68e3ba7c42310f545'), ('XDG_MENU_PREFIX', 'gnome-'), ('LC_ADDRESS', 'th_TH.UTF-8'), ('XDG_RUNTIME_DIR', '/run/user/1000'), ('GDK_BACKEND', 'x11'), ('DISPLAY', ':1'), ('VSCODE_DEBUGPY_ADAPTER_ENDPOINTS', '/home/sirapob/.vscode/extensions/ms-python.debugpy-2025.8.0-linux-x64/.noConfigDebugAdapterEndpoints/endpoint-08ece0a135d34187.txt'), ('LANG', 'en_US.UTF-8'), ('XDG_CURRENT_DESKTOP', 'Unity'), ('LC_TELEPHONE', 'th_TH.UTF-8'), ('XMODIFIERS', '@im=ibus'), ('XDG_SESSION_DESKTOP', 'ubuntu'), ('XAUTHORITY', '/run/user/1000/gdm/Xauthority'), ('LS_COLORS', 'rs=0:di=01;34:ln=01;36:mh=00:pi=40;33:so=01;35:do=01;35:bd=40;33;01:cd=40;33;01:or=40;31;01:mi=00:su=37;41:sg=30;43:ca=30;41:tw=30;42:ow=34;42:st=37;44:ex=01;32:*.tar=01;31:*.tgz=01;31:*.arc=01;31:*.arj=01;31:*.taz=01;31:*.lha=01;31:*.lz4=01;31:*.lzh=01;31:*.lzma=01;31:*.tlz=01;31:*.txz=01;31:*.tzo=01;31:*.t7z=01;31:*.zip=01;31:*.z=01;31:*.dz=01;31:*.gz=01;31:*.lrz=01;31:*.lz=01;31:*.lzo=01;31:*.xz=01;31:*.zst=01;31:*.tzst=01;31:*.bz2=01;31:*.bz=01;31:*.tbz=01;31:*.tbz2=01;31:*.tz=01;31:*.deb=01;31:*.rpm=01;31:*.jar=01;31:*.war=01;31:*.ear=01;31:*.sar=01;31:*.rar=01;31:*.alz=01;31:*.ace=01;31:*.zoo=01;31:*.cpio=01;31:*.7z=01;31:*.rz=01;31:*.cab=01;31:*.wim=01;31:*.swm=01;31:*.dwm=01;31:*.esd=01;31:*.jpg=01;35:*.jpeg=01;35:*.mjpg=01;35:*.mjpeg=01;35:*.gif=01;35:*.bmp=01;35:*.pbm=01;35:*.pgm=01;35:*.ppm=01;35:*.tga=01;35:*.xbm=01;35:*.xpm=01;35:*.tif=01;35:*.tiff=01;35:*.png=01;35:*.svg=01;35:*.svgz=01;35:*.mng=01;35:*.pcx=01;35:*.mov=01;35:*.mpg=01;35:*.mpeg=01;35:*.m2v=01;35:*.mkv=01;35:*.webm=01;35:*.webp=01;35:*.ogm=01;35:*.mp4=01;35:*.m4v=01;35:*.mp4v=01;35:*.vob=01;35:*.qt=01;35:*.nuv=01;35:*.wmv=01;35:*.asf=01;35:*.rm=01;35:*.rmvb=01;35:*.flc=01;35:*.avi=01;35:*.fli=01;35:*.flv=01;35:*.gl=01;35:*.dl=01;35:*.xcf=01;35:*.xwd=01;35:*.yuv=01;35:*.cgm=01;35:*.emf=01;35:*.ogv=01;35:*.ogx=01;35:*.aac=00;36:*.au=00;36:*.flac=00;36:*.m4a=00;36:*.mid=00;36:*.midi=00;36:*.mka=00;36:*.mp3=00;36:*.mpc=00;36:*.ogg=00;36:*.ra=00;36:*.wav=00;36:*.oga=00;36:*.opus=00;36:*.spx=00;36:*.xspf=00;36:'), ('VSCODE_GIT_IPC_HANDLE', '/run/user/1000/vscode-git-aa4929aee5.sock'), ('TERM_PROGRAM', 'vscode'), ('SSH_AGENT_LAUNCHER', 'gnome-keyring'), ('SSH_AUTH_SOCK', '/run/user/1000/keyring/ssh'), ('AMENT_PREFIX_PATH', '/home/sirapob/TORTO_NvidiaSim/install/torto_ctrl:/home/sirapob/TORTO_NvidiaSim/install/torto_sim_ctrl:/home/sirapob/TORTO_NvidiaSim/install/torto_odometry:/home/sirapob/TORTO_NvidiaSim/install/torto_input_handle:/home/sirapob/TORTO_NvidiaSim/install/torto_hardware:/home/sirapob/TORTO_NvidiaSim/install/torto_bringup:/home/sirapob/TORTO_NvidiaSim/install/torto_rl_pkg:/home/sirapob/TORTO_NvidiaSim/install/torto_interfaces:/home/sirapob/TORTO_NvidiaSim/install/torto_description:/home/sirapob/isaacsim/isaac_ros_ws/install/reset_listener_pkg:/opt/ros/humble'), ('ORIGINAL_XDG_CURRENT_DESKTOP', 'ubuntu:GNOME'), ('SHELL', '/bin/bash'), ('LC_NAME', 'th_TH.UTF-8'), ('QT_ACCESSIBILITY', '1'), ('GDMSESSION', 'ubuntu'), ('LESSCLOSE', '/usr/bin/lesspipe %s %s'), ('LC_MEASUREMENT', 'th_TH.UTF-8'), ('GPG_AGENT_INFO', '/run/user/1000/gnupg/S.gpg-agent:0:1'), ('GJS_DEBUG_OUTPUT', 'stderr'), ('LC_IDENTIFICATION', 'th_TH.UTF-8'), ('VSCODE_GIT_ASKPASS_EXTRA_ARGS', ''), ('QT_IM_MODULE', 'ibus'), ('PWD', '/home/sirapob/TORTO_NvidiaSim/build/torto_bringup'), ('XDG_CONFIG_DIRS', '/etc/xdg/xdg-ubuntu:/etc/xdg'), ('XDG_DATA_DIRS', '/usr/share/ubuntu:/usr/share/gnome:/usr/local/share/:/usr/share/:/var/lib/snapd/desktop'), ('PYTHONPATH', '/home/sirapob/TORTO_NvidiaSim/build/torto_ctrl:/home/sirapob/TORTO_NvidiaSim/install/torto_ctrl/lib/python3.10/site-packages:/home/sirapob/TORTO_NvidiaSim/build/torto_sim_ctrl:/home/sirapob/TORTO_NvidiaSim/install/torto_sim_ctrl/lib/python3.10/site-packages:/home/sirapob/TORTO_NvidiaSim/build/torto_odometry:/home/sirapob/TORTO_NvidiaSim/install/torto_odometry/lib/python3.10/site-packages:/home/sirapob/TORTO_NvidiaSim/build/torto_input_handle:/home/sirapob/TORTO_NvidiaSim/install/torto_input_handle/lib/python3.10/site-packages:/home/sirapob/TORTO_NvidiaSim/build/torto_hardware:/home/sirapob/TORTO_NvidiaSim/install/torto_hardware/lib/python3.10/site-packages:/home/sirapob/TORTO_NvidiaSim/install/torto_rl_pkg/lib/python3.10/site-packages:/home/sirapob/TORTO_NvidiaSim/install/torto_interfaces/local/lib/python3.10/dist-packages:/home/sirapob/isaacsim/isaac_ros_ws/build/reset_listener_pkg:/home/sirapob/isaacsim/isaac_ros_ws/install/reset_listener_pkg/lib/python3.10/site-packages:/opt/ros/humble/lib/python3.10/site-packages:/opt/ros/humble/local/lib/python3.10/dist-packages'), ('LC_NUMERIC', 'th_TH.UTF-8'), ('LC_PAPER', 'th_TH.UTF-8'), ('COLCON', '1'), ('CMAKE_PREFIX_PATH', '/home/sirapob/TORTO_NvidiaSim/install/torto_interfaces:/home/sirapob/TORTO_NvidiaSim/install/torto_bringup:/home/sirapob/TORTO_NvidiaSim/install/torto_description:/home/sirapob/TORTO_NvidiaSim/install/torto_sim_ctrl:/home/sirapob/TORTO_NvidiaSim/install/torto_rl_pkg:/home/sirapob/TORTO_NvidiaSim/install/torto_odometry:/home/sirapob/TORTO_NvidiaSim/install/torto_ctrl:/home/sirapob/TORTO_NvidiaSim/install/torto_input_handle:/home/sirapob/TORTO_NvidiaSim/install/torto_hardware:/home/sirapob/isaacsim/isaac_ros_ws/install/reset_listener_pkg:/opt/ros/humble')]), 'shell': False}
[23.512619] (-) TimerEvent: {}
[23.541803] (torto_bringup) CommandEnded: {'returncode': 0}
[23.548571] (torto_bringup) JobProgress: {'identifier': 'torto_bringup', 'progress': 'install'}
[23.548803] (torto_bringup) Command: {'cmd': ['/usr/bin/cmake', '--install', '/home/sirapob/TORTO_NvidiaSim/build/torto_bringup'], 'cwd': '/home/sirapob/TORTO_NvidiaSim/build/torto_bringup', 'env': OrderedDict([('GJS_DEBUG_TOPICS', 'JS ERROR;JS LOG'), ('LESSOPEN', '| /usr/bin/lesspipe %s'), ('USER', 'sirapob'), ('LC_TIME', 'th_TH.UTF-8'), ('XDG_SESSION_TYPE', 'x11'), ('GIT_ASKPASS', '/usr/share/code/resources/app/extensions/git/dist/askpass.sh'), ('SHLVL', '1'), ('LD_LIBRARY_PATH', '/home/sirapob/TORTO_NvidiaSim/install/torto_interfaces/lib:/opt/ros/humble/opt/rviz_ogre_vendor/lib:/opt/ros/humble/lib/x86_64-linux-gnu:/opt/ros/humble/lib'), ('HOME', '/home/sirapob'), ('CHROME_DESKTOP', 'code.desktop'), ('TERM_PROGRAM_VERSION', '1.97.2'), ('DESKTOP_SESSION', 'ubuntu'), ('GIO_LAUNCHED_DESKTOP_FILE', '/usr/share/applications/code.desktop'), ('ROS_PYTHON_VERSION', '3'), ('GNOME_SHELL_SESSION_MODE', 'ubuntu'), ('GTK_MODULES', 'gail:atk-bridge'), ('VSCODE_GIT_ASKPASS_MAIN', '/usr/share/code/resources/app/extensions/git/dist/askpass-main.js'), ('LC_MONETARY', 'th_TH.UTF-8'), ('VSCODE_GIT_ASKPASS_NODE', '/usr/share/code/code'), ('MANAGERPID', '1796'), ('PYDEVD_DISABLE_FILE_VALIDATION', '1'), ('SYSTEMD_EXEC_PID', '2140'), ('BUNDLED_DEBUGPY_PATH', '/home/sirapob/.vscode/extensions/ms-python.debugpy-2025.8.0-linux-x64/bundled/libs/debugpy'), ('DBUS_SESSION_BUS_ADDRESS', 'unix:path=/run/user/1000/bus'), ('COLORTERM', 'truecolor'), ('GIO_LAUNCHED_DESKTOP_FILE_PID', '4854'), ('COLCON_PREFIX_PATH', '/home/sirapob/TORTO_NvidiaSim/install:/home/sirapob/isaacsim/isaac_ros_ws/install'), ('ROS_DISTRO', 'humble'), ('GTK_IM_MODULE', 'ibus'), ('LOGNAME', 'sirapob'), ('JOURNAL_STREAM', '8:12909'), ('_', '/usr/bin/colcon'), ('ROS_VERSION', '2'), ('XDG_SESSION_CLASS', 'user'), ('USERNAME', 'sirapob'), ('TERM', 'xterm-256color'), ('GNOME_DESKTOP_SESSION_ID', 'this-is-deprecated'), ('ROS_LOCALHOST_ONLY', '0'), ('WINDOWPATH', '2'), ('PATH', '/home/sirapob/.local/bin:/opt/ros/humble/bin:/home/sirapob/.local/bin:/usr/local/sbin:/usr/local/bin:/usr/sbin:/usr/bin:/sbin:/bin:/usr/games:/usr/local/games:/snap/bin:/snap/bin:/home/sirapob/.vscode/extensions/ms-python.debugpy-2025.8.0-linux-x64/bundled/scripts/noConfigScripts'), ('SESSION_MANAGER', 'local/sirapob-ROG-Strix-G732LXS-G742LXS:@/tmp/.ICE-unix/2113,unix/sirapob-ROG-Strix-G732LXS-G742LXS:/tmp/.ICE-unix/2113'), ('INVOCATION_ID', '9188ecfe137840c68e3ba7c42310f545'), ('XDG_MENU_PREFIX', 'gnome-'), ('LC_ADDRESS', 'th_TH.UTF-8'), ('XDG_RUNTIME_DIR', '/run/user/1000'), ('GDK_BACKEND', 'x11'), ('DISPLAY', ':1'), ('VSCODE_DEBUGPY_ADAPTER_ENDPOINTS', '/home/sirapob/.vscode/extensions/ms-python.debugpy-2025.8.0-linux-x64/.noConfigDebugAdapterEndpoints/endpoint-08ece0a135d34187.txt'), ('LANG', 'en_US.UTF-8'), ('XDG_CURRENT_DESKTOP', 'Unity'), ('LC_TELEPHONE', 'th_TH.UTF-8'), ('XMODIFIERS', '@im=ibus'), ('XDG_SESSION_DESKTOP', 'ubuntu'), ('XAUTHORITY', '/run/user/1000/gdm/Xauthority'), ('LS_COLORS', 'rs=0:di=01;34:ln=01;36:mh=00:pi=40;33:so=01;35:do=01;35:bd=40;33;01:cd=40;33;01:or=40;31;01:mi=00:su=37;41:sg=30;43:ca=30;41:tw=30;42:ow=34;42:st=37;44:ex=01;32:*.tar=01;31:*.tgz=01;31:*.arc=01;31:*.arj=01;31:*.taz=01;31:*.lha=01;31:*.lz4=01;31:*.lzh=01;31:*.lzma=01;31:*.tlz=01;31:*.txz=01;31:*.tzo=01;31:*.t7z=01;31:*.zip=01;31:*.z=01;31:*.dz=01;31:*.gz=01;31:*.lrz=01;31:*.lz=01;31:*.lzo=01;31:*.xz=01;31:*.zst=01;31:*.tzst=01;31:*.bz2=01;31:*.bz=01;31:*.tbz=01;31:*.tbz2=01;31:*.tz=01;31:*.deb=01;31:*.rpm=01;31:*.jar=01;31:*.war=01;31:*.ear=01;31:*.sar=01;31:*.rar=01;31:*.alz=01;31:*.ace=01;31:*.zoo=01;31:*.cpio=01;31:*.7z=01;31:*.rz=01;31:*.cab=01;31:*.wim=01;31:*.swm=01;31:*.dwm=01;31:*.esd=01;31:*.jpg=01;35:*.jpeg=01;35:*.mjpg=01;35:*.mjpeg=01;35:*.gif=01;35:*.bmp=01;35:*.pbm=01;35:*.pgm=01;35:*.ppm=01;35:*.tga=01;35:*.xbm=01;35:*.xpm=01;35:*.tif=01;35:*.tiff=01;35:*.png=01;35:*.svg=01;35:*.svgz=01;35:*.mng=01;35:*.pcx=01;35:*.mov=01;35:*.mpg=01;35:*.mpeg=01;35:*.m2v=01;35:*.mkv=01;35:*.webm=01;35:*.webp=01;35:*.ogm=01;35:*.mp4=01;35:*.m4v=01;35:*.mp4v=01;35:*.vob=01;35:*.qt=01;35:*.nuv=01;35:*.wmv=01;35:*.asf=01;35:*.rm=01;35:*.rmvb=01;35:*.flc=01;35:*.avi=01;35:*.fli=01;35:*.flv=01;35:*.gl=01;35:*.dl=01;35:*.xcf=01;35:*.xwd=01;35:*.yuv=01;35:*.cgm=01;35:*.emf=01;35:*.ogv=01;35:*.ogx=01;35:*.aac=00;36:*.au=00;36:*.flac=00;36:*.m4a=00;36:*.mid=00;36:*.midi=00;36:*.mka=00;36:*.mp3=00;36:*.mpc=00;36:*.ogg=00;36:*.ra=00;36:*.wav=00;36:*.oga=00;36:*.opus=00;36:*.spx=00;36:*.xspf=00;36:'), ('VSCODE_GIT_IPC_HANDLE', '/run/user/1000/vscode-git-aa4929aee5.sock'), ('TERM_PROGRAM', 'vscode'), ('SSH_AGENT_LAUNCHER', 'gnome-keyring'), ('SSH_AUTH_SOCK', '/run/user/1000/keyring/ssh'), ('AMENT_PREFIX_PATH', '/home/sirapob/TORTO_NvidiaSim/install/torto_ctrl:/home/sirapob/TORTO_NvidiaSim/install/torto_sim_ctrl:/home/sirapob/TORTO_NvidiaSim/install/torto_odometry:/home/sirapob/TORTO_NvidiaSim/install/torto_input_handle:/home/sirapob/TORTO_NvidiaSim/install/torto_hardware:/home/sirapob/TORTO_NvidiaSim/install/torto_bringup:/home/sirapob/TORTO_NvidiaSim/install/torto_rl_pkg:/home/sirapob/TORTO_NvidiaSim/install/torto_interfaces:/home/sirapob/TORTO_NvidiaSim/install/torto_description:/home/sirapob/isaacsim/isaac_ros_ws/install/reset_listener_pkg:/opt/ros/humble'), ('ORIGINAL_XDG_CURRENT_DESKTOP', 'ubuntu:GNOME'), ('SHELL', '/bin/bash'), ('LC_NAME', 'th_TH.UTF-8'), ('QT_ACCESSIBILITY', '1'), ('GDMSESSION', 'ubuntu'), ('LESSCLOSE', '/usr/bin/lesspipe %s %s'), ('LC_MEASUREMENT', 'th_TH.UTF-8'), ('GPG_AGENT_INFO', '/run/user/1000/gnupg/S.gpg-agent:0:1'), ('GJS_DEBUG_OUTPUT', 'stderr'), ('LC_IDENTIFICATION', 'th_TH.UTF-8'), ('VSCODE_GIT_ASKPASS_EXTRA_ARGS', ''), ('QT_IM_MODULE', 'ibus'), ('PWD', '/home/sirapob/TORTO_NvidiaSim/build/torto_bringup'), ('XDG_CONFIG_DIRS', '/etc/xdg/xdg-ubuntu:/etc/xdg'), ('XDG_DATA_DIRS', '/usr/share/ubuntu:/usr/share/gnome:/usr/local/share/:/usr/share/:/var/lib/snapd/desktop'), ('PYTHONPATH', '/home/sirapob/TORTO_NvidiaSim/build/torto_ctrl:/home/sirapob/TORTO_NvidiaSim/install/torto_ctrl/lib/python3.10/site-packages:/home/sirapob/TORTO_NvidiaSim/build/torto_sim_ctrl:/home/sirapob/TORTO_NvidiaSim/install/torto_sim_ctrl/lib/python3.10/site-packages:/home/sirapob/TORTO_NvidiaSim/build/torto_odometry:/home/sirapob/TORTO_NvidiaSim/install/torto_odometry/lib/python3.10/site-packages:/home/sirapob/TORTO_NvidiaSim/build/torto_input_handle:/home/sirapob/TORTO_NvidiaSim/install/torto_input_handle/lib/python3.10/site-packages:/home/sirapob/TORTO_NvidiaSim/build/torto_hardware:/home/sirapob/TORTO_NvidiaSim/install/torto_hardware/lib/python3.10/site-packages:/home/sirapob/TORTO_NvidiaSim/install/torto_rl_pkg/lib/python3.10/site-packages:/home/sirapob/TORTO_NvidiaSim/install/torto_interfaces/local/lib/python3.10/dist-packages:/home/sirapob/isaacsim/isaac_ros_ws/build/reset_listener_pkg:/home/sirapob/isaacsim/isaac_ros_ws/install/reset_listener_pkg/lib/python3.10/site-packages:/opt/ros/humble/lib/python3.10/site-packages:/opt/ros/humble/local/lib/python3.10/dist-packages'), ('LC_NUMERIC', 'th_TH.UTF-8'), ('LC_PAPER', 'th_TH.UTF-8'), ('COLCON', '1'), ('CMAKE_PREFIX_PATH', '/home/sirapob/TORTO_NvidiaSim/install/torto_interfaces:/home/sirapob/TORTO_NvidiaSim/install/torto_bringup:/home/sirapob/TORTO_NvidiaSim/install/torto_description:/home/sirapob/TORTO_NvidiaSim/install/torto_sim_ctrl:/home/sirapob/TORTO_NvidiaSim/install/torto_rl_pkg:/home/sirapob/TORTO_NvidiaSim/install/torto_odometry:/home/sirapob/TORTO_NvidiaSim/install/torto_ctrl:/home/sirapob/TORTO_NvidiaSim/install/torto_input_handle:/home/sirapob/TORTO_NvidiaSim/install/torto_hardware:/home/sirapob/isaacsim/isaac_ros_ws/install/reset_listener_pkg:/opt/ros/humble')]), 'shell': False}
[23.574325] (torto_bringup) StdoutLine: {'line': b'-- Install configuration: ""\n'}
[23.576071] (torto_bringup) StdoutLine: {'line': b'-- Execute custom install script\n'}
[23.577695] (torto_bringup) StdoutLine: {'line': b'-- Symlinking: /home/sirapob/TORTO_NvidiaSim/install/torto_bringup/share/torto_bringup//launch/torto_sim.launch.xml\n'}
[23.611790] (torto_bringup) StdoutLine: {'line': b'-- Symlinking: /home/sirapob/TORTO_NvidiaSim/install/torto_bringup/share/ament_index/resource_index/package_run_dependencies/torto_bringup\n'}
[23.612756] (-) TimerEvent: {}
[23.640178] (torto_bringup) StdoutLine: {'line': b'-- Symlinking: /home/sirapob/TORTO_NvidiaSim/install/torto_bringup/share/ament_index/resource_index/parent_prefix_path/torto_bringup\n'}
[23.673311] (torto_bringup) StdoutLine: {'line': b'-- Symlinking: /home/sirapob/TORTO_NvidiaSim/install/torto_bringup/share/torto_bringup/environment/ament_prefix_path.sh\n'}
[23.702214] (torto_bringup) StdoutLine: {'line': b'-- Symlinking: /home/sirapob/TORTO_NvidiaSim/install/torto_bringup/share/torto_bringup/environment/ament_prefix_path.dsv\n'}
[23.712942] (-) TimerEvent: {}
[23.732977] (torto_bringup) StdoutLine: {'line': b'-- Symlinking: /home/sirapob/TORTO_NvidiaSim/install/torto_bringup/share/torto_bringup/environment/path.sh\n'}
[23.758680] (torto_bringup) StdoutLine: {'line': b'-- Symlinking: /home/sirapob/TORTO_NvidiaSim/install/torto_bringup/share/torto_bringup/environment/path.dsv\n'}
[23.778177] (torto_bringup) StdoutLine: {'line': b'-- Symlinking: /home/sirapob/TORTO_NvidiaSim/install/torto_bringup/share/torto_bringup/local_setup.bash\n'}
[23.804732] (torto_bringup) StdoutLine: {'line': b'-- Symlinking: /home/sirapob/TORTO_NvidiaSim/install/torto_bringup/share/torto_bringup/local_setup.sh\n'}
[23.813070] (-) TimerEvent: {}
[23.823616] (torto_bringup) StdoutLine: {'line': b'-- Symlinking: /home/sirapob/TORTO_NvidiaSim/install/torto_bringup/share/torto_bringup/local_setup.zsh\n'}
[23.841225] (torto_bringup) StdoutLine: {'line': b'-- Symlinking: /home/sirapob/TORTO_NvidiaSim/install/torto_bringup/share/torto_bringup/local_setup.dsv\n'}
[23.860278] (torto_bringup) StdoutLine: {'line': b'-- Symlinking: /home/sirapob/TORTO_NvidiaSim/install/torto_bringup/share/torto_bringup/package.dsv\n'}
[23.879060] (torto_bringup) StdoutLine: {'line': b'-- Symlinking: /home/sirapob/TORTO_NvidiaSim/install/torto_bringup/share/ament_index/resource_index/packages/torto_bringup\n'}
[23.903813] (torto_bringup) StdoutLine: {'line': b'-- Symlinking: /home/sirapob/TORTO_NvidiaSim/install/torto_bringup/share/torto_bringup/cmake/torto_bringupConfig.cmake\n'}
[23.913248] (-) TimerEvent: {}
[23.927858] (torto_bringup) StdoutLine: {'line': b'-- Symlinking: /home/sirapob/TORTO_NvidiaSim/install/torto_bringup/share/torto_bringup/cmake/torto_bringupConfig-version.cmake\n'}
[23.951081] (torto_bringup) StdoutLine: {'line': b'-- Symlinking: /home/sirapob/TORTO_NvidiaSim/install/torto_bringup/share/torto_bringup/package.xml\n'}
[23.973606] (torto_bringup) CommandEnded: {'returncode': 0}
[24.000892] (torto_bringup) JobEnded: {'identifier': 'torto_bringup', 'rc': 0}
[24.002495] (-) EventReactorShutdown: {}
